Date,Open,High,Low,Close,Volume
29-03-2011,146,146.5,142.550003,143.050003,2603885
30-03-2011,144,147.199997,143.199997,145.699997,2836072
31-03-2011,146.399994,146.850006,141.399994,142.449997,5253903
01-04-2011,143.399994,145.5,142,145.149994,2615699
04-04-2011,146.399994,149.5,145.149994,148.850006,3740494
05-04-2011,149,151.100006,146.899994,150.149994,5184401
06-04-2011,149.5,151.899994,148.399994,150.399994,3058937
07-04-2011,150.399994,152.199997,149.050003,150.350006,2211747
08-04-2011,150,151,144.25,145.149994,3505577
11-04-2011,144.899994,146.100006,142.399994,144.649994,2060326
13-04-2011,144.649994,148.5,142.699997,148.050003,2182403
15-04-2011,147.800003,149.800003,146.600006,147.350006,2854041
18-04-2011,147.449997,149.399994,143.5,145.350006,2901419
19-04-2011,146,151.25,145.699997,149.550003,11504728
20-04-2011,150.25,152.050003,147.449997,149.800003,3832131
21-04-2011,150.050003,152,149.5,150.25,3518585
25-04-2011,150.25,153.75,150.100006,152.399994,2934416
26-04-2011,152.800003,152.949997,149.050003,151,2214202
27-04-2011,151.5,152.25,150.399994,150.949997,1823220
28-04-2011,151.300003,151.699997,146.25,146.850006,2232036
29-04-2011,146,147.949997,142.199997,143.449997,2030265
02-05-2011,143.5,144.899994,139.100006,139.699997,2028508
03-05-2011,139.75,141.800003,135.899994,136.399994,3207830
04-05-2011,136,136.850006,133.800003,135.300003,2890470
05-05-2011,135.600006,136.600006,131.600006,132.100006,1989640
06-05-2011,132.5,137.449997,132.300003,136.850006,2718813
09-05-2011,138.600006,138.649994,134.199997,135.649994,1856406
10-05-2011,135,137.649994,133.75,135.5,2241175
11-05-2011,135.5,137.149994,134.199997,136.850006,1892395
12-05-2011,136.5,137.050003,134,134.449997,1686109
13-05-2011,134.899994,139.100006,133.399994,137.649994,2098517
16-05-2011,136.899994,137,134.350006,134.899994,1215288
17-05-2011,135,135.649994,131.050003,132.75,1894829
18-05-2011,132,134.100006,130.800003,132.050003,1456121
19-05-2011,132.399994,133.199997,131.199997,131.75,805185
20-05-2011,132.5,134.699997,131.699997,133.25,1184024
23-05-2011,132.350006,132.899994,128.600006,129.300003,1426280
24-05-2011,129.449997,131.800003,128.399994,129.449997,1067462
25-05-2011,129.5,129.5,127.900002,128.350006,902448
26-05-2011,129.449997,129.449997,125.800003,126.5,2796093
27-05-2011,128,130.5,127.150002,129.800003,2796699
30-05-2011,130.100006,132.699997,130.100006,131.649994,2291502
31-05-2011,132.100006,135,131.050003,134.550003,2364842
01-06-2011,134.5,136.149994,133.649994,134.350006,1852959
02-06-2011,133.100006,133.5,131.449997,132.050003,1031378
03-06-2011,131.25,133.949997,129.350006,129.649994,1720707
06-06-2011,129.75,131.399994,127.800003,131.149994,1821164
07-06-2011,130.5,132.300003,130,131.850006,1171164
08-06-2011,131.850006,133.25,130.550003,131.5,1146754
09-06-2011,132,133.300003,131.25,131.800003,1345138
10-06-2011,132.300003,132.449997,130.199997,131.449997,1321696
13-06-2011,131.100006,132.199997,129.5,131.600006,1086456
14-06-2011,131.899994,132.75,130.649994,131.600006,1315078
15-06-2011,131.600006,131.600006,128.5,128.850006,1429320
16-06-2011,128,130.25,127.199997,129.199997,1820443
17-06-2011,129.899994,130.199997,127.849998,129.199997,1195051
20-06-2011,129.449997,129.75,121.5,126.199997,1279157
21-06-2011,126.5,127.900002,124.25,124.650002,1072724
22-06-2011,123.050003,126.849998,123.050003,125.550003,801184
23-06-2011,125.25,127.300003,124.099998,126.599998,881369
24-06-2011,126.050003,130.899994,126.050003,130.100006,1533240
27-06-2011,129,133.399994,129,132.850006,1516881
28-06-2011,133.050003,133.899994,130,131.449997,1441861
29-06-2011,131.550003,133.300003,131.550003,132.5,1648688
30-06-2011,132.800003,137.399994,132.199997,136.350006,5764654
01-07-2011,136.5,137.699997,134,135.050003,1633239
04-07-2011,135.5,137.300003,135.5,136.649994,1171543
05-07-2011,136,138.449997,133.350006,134.350006,1352747
06-07-2011,134.699997,134.899994,133.100006,133.600006,964369
07-07-2011,133.949997,136.600006,133.800003,136.300003,1413408
08-07-2011,136.699997,139.25,134.600006,136.149994,2709603
11-07-2011,134.899994,137.850006,132.199997,134.050003,1004649
12-07-2011,133.050003,134.449997,131.300003,133.699997,1425277
13-07-2011,133.850006,135,133.5,134.699997,771203
14-07-2011,134.149994,137,133.100006,135.350006,1989060
15-07-2011,135.5,136.800003,134.399994,134.75,1047606
18-07-2011,134.100006,137.300003,134,136.050003,1085950
19-07-2011,136,137.899994,135.100006,137.050003,1278762
20-07-2011,137.050003,138.399994,134.100006,134.5,1567765
21-07-2011,133.149994,135.300003,130.5,133,1027019
22-07-2011,133.899994,135.649994,133.399994,135.149994,1346206
25-07-2011,133.350006,136.350006,133.300003,135.699997,1482748
26-07-2011,135.75,136.699997,130.399994,131.399994,2135962
27-07-2011,131.600006,133.449997,130.550003,132.75,1294957
28-07-2011,131.449997,132,128.600006,129.550003,3102235
29-07-2011,129,129.899994,127.400002,128.75,1350874
01-08-2011,130.050003,132,127.800003,128.449997,1358183
02-08-2011,128.449997,128.449997,124.400002,124.75,1271250
03-08-2011,125.099998,125.099998,122.099998,124.349998,921825
04-08-2011,124.550003,126.300003,122.300003,123,870003
05-08-2011,120,120.5,116.5,119.75,2282245
08-08-2011,115,121.5,113.849998,119.550003,2259144
09-08-2011,116.25,120.449997,114.550003,117.849998,2534855
10-08-2011,120,121.900002,118.849998,120.300003,1196856
11-08-2011,119.550003,121.900002,119.199997,120.5,1084219
12-08-2011,121.300003,121.800003,118,118.349998,1172926
16-08-2011,118.599998,119.900002,116.099998,117,1075261
17-08-2011,117,117.75,111.050003,112.449997,1952038
18-08-2011,113.349998,113.349998,105.400002,106.900002,3177390
19-08-2011,105.099998,107.900002,102.75,106.25,1798735
22-08-2011,106.599998,109.050003,104.900002,108.349998,2353051
23-08-2011,108.650002,111.400002,107.5,109.75,1831366
24-08-2011,110.050003,111.699997,107.199997,108.050003,1461760
25-08-2011,108.050003,110.800003,103.5,108.099998,3979307
26-08-2011,106.5,108.650002,102.699997,103.849998,1958979
29-08-2011,105.599998,109.099998,104.599998,108.25,1354179
30-08-2011,110.400002,111.699997,108.099998,110.5,1173459
02-09-2011,107.5,108.949997,104.900002,106.050003,1952299
05-09-2011,105.400002,107.400002,103.5,106.699997,1223620
06-09-2011,105.5,108.900002,103.900002,107.400002,2299282
07-09-2011,108.150002,111.050003,108.099998,110.150002,1813677
08-09-2011,110.449997,113.800003,109.75,112.349998,3023701
09-09-2011,112.199997,114,109,109.449997,1726934
12-09-2011,106.5,107.900002,105,105.449997,1483521
13-09-2011,106.400002,107.5,104,105.199997,1465735
14-09-2011,105.199997,106.5,103.199997,105.949997,1729338
15-09-2011,106.25,109.449997,105.699997,109.050003,1922016
16-09-2011,110,110.300003,106.099998,107.349998,2776542
19-09-2011,106.949997,108.25,106,106.949997,1148328
20-09-2011,107.199997,109.300003,106.199997,108.849998,1244953
21-09-2011,109,110.099998,108.300003,109.099998,1368076
22-09-2011,108,108,104.199997,104.800003,1535712
23-09-2011,103,104.75,101.650002,103,1737714
26-09-2011,103.949997,104.449997,101.099998,103.699997,1362623
27-09-2011,104.949997,107.150002,104.800003,106.650002,1140419
28-09-2011,107.050003,107.449997,104.25,104.599998,997449
29-09-2011,104,104.650002,102.75,103.650002,1493533
30-09-2011,104.050003,105.400002,102.25,102.550003,1190116
03-10-2011,104,104,99.699997,101.199997,1111827
04-10-2011,101,102.849998,97,97.349998,2123891
05-10-2011,98.199997,98.900002,94.449997,94.800003,1846342
07-10-2011,96.5,100.199997,96.5,98.849998,1957161
10-10-2011,99.099998,101.849998,98.25,101.550003,2319325
11-10-2011,102.699997,104,100.550003,100.949997,1502444
12-10-2011,101.300003,106,101.050003,105.25,2052477
13-10-2011,105.800003,106.650002,103.349998,104.449997,1729105
14-10-2011,103.550003,106.5,102.599998,106.050003,1316841
17-10-2011,107,107.699997,105.099998,105.550003,1163684
18-10-2011,104.550003,104.550003,102.150002,103.599998,846126
19-10-2011,104,107.449997,104,107.150002,1150802
20-10-2011,104.5,110.599998,103.150002,104.849998,6363659
21-10-2011,105.900002,106.099998,103.800003,104.150002,1412911
24-10-2011,104.199997,106.550003,102.650002,103.300003,909064
25-10-2011,103.849998,107.699997,102.849998,106.75,2451760
28-10-2011,107.599998,114.300003,106.400002,113.699997,4199670
31-10-2011,113.699997,118.449997,112.099998,117,2863798
01-11-2011,115.949997,117.400002,112.75,113.599998,1679368
02-11-2011,112.099998,116.25,111.800003,114.550003,1662200
03-11-2011,114,114.949997,111.5,113.550003,1437380
04-11-2011,114.5,116.5,114.5,115.650002,1307592
08-11-2011,115.849998,116.400002,112.900002,114.300003,949507
09-11-2011,114.550003,115.300003,109.800003,110.650002,1420420
11-11-2011,110,110.75,106,107,1757902
14-11-2011,108,109,104,104.550003,1086564
15-11-2011,104,105.900002,101.25,101.75,1018447
16-11-2011,103.199997,104,100.5,102.900002,1379697
17-11-2011,100.5,103.5,97.5,98.699997,1201502
18-11-2011,99,99,95,96.449997,2426620
21-11-2011,96.300003,96.650002,93.599998,94.050003,1493751
22-11-2011,96,96,93.699997,94.25,1992139
23-11-2011,94,94,90.150002,90.650002,1828086
24-11-2011,90.75,93.900002,88.5,93.400002,2454814
25-11-2011,92.900002,93.5,90.800003,91.400002,1605289
28-11-2011,92.900002,95.199997,92.599998,94.699997,2345844
29-11-2011,95,95.949997,91.099998,91.449997,2481403
30-11-2011,91.650002,93.599998,90,92.949997,1989354
01-12-2011,94.900002,96.900002,93.699997,94.300003,1396758
02-12-2011,94.650002,97.900002,93.800003,97.400002,1839822
05-12-2011,98.099998,98.449997,96.650002,97.849998,1470339
07-12-2011,97.849998,99,96.800003,97.5,1151142
08-12-2011,96.949997,97.800003,93.5,94,1624183
09-12-2011,93,93.800003,91.400002,92.800003,1235211
12-12-2011,94,94,88.25,88.699997,1902372
13-12-2011,88.699997,90.5,87.300003,89,2142943
14-12-2011,89.099998,90.699997,87.75,88.349998,1605238
15-12-2011,88,90.5,86.099998,88.949997,1562841
16-12-2011,89.400002,90.75,85.800003,86.300003,2544703
19-12-2011,86,88.550003,84.400002,87.849998,2177691
20-12-2011,88.5,92,82.5,83.25,2004301
21-12-2011,86.050003,86.050003,80.599998,82.150002,3065906
22-12-2011,81.199997,84.599998,81.099998,84.199997,1845132
23-12-2011,85.849998,85.849998,81.599998,82.25,1414740
26-12-2011,83,84.050003,81.900002,83.5,816067
27-12-2011,83.400002,84.300003,81.599998,82.150002,1033202
28-12-2011,82.300003,82.300003,80.199997,81.25,893749
29-12-2011,81.25,81.800003,79.599998,80.400002,1987573
30-12-2011,80.75,81.400002,77.650002,77.949997,2042468
02-01-2012,78.25,79.099998,77.099998,78.650002,998117
03-01-2012,79.650002,82.800003,79.199997,82.25,1720498
04-01-2012,83.5,83.699997,81.150002,82.699997,1392146
05-01-2012,82.800003,85,82.550003,83.900002,1613318
06-01-2012,83.900002,84.5,81.400002,83.400002,1316970
09-01-2012,83.900002,85.099998,82.099998,84.599998,936256
10-01-2012,85.5,87.300003,85,86.949997,1834202
11-01-2012,87.099998,88.150002,86.25,87.599998,1876953
12-01-2012,87.5,91.900002,87,90.349998,2846469
13-01-2012,91,92.5,90.349998,91.150002,1893018
16-01-2012,91,92,88.5,91.449997,1254438
17-01-2012,91,94.800003,91,93.650002,1984530
18-01-2012,93.900002,95.300003,91.050003,91.75,1988856
19-01-2012,94.699997,94.699997,92.099998,93.050003,1122655
20-01-2012,93.5,97.400002,93.349998,95.900002,3832929
23-01-2012,96,98.400002,95.099998,96.5,1738527
24-01-2012,97.849998,102.300003,94.75,101.25,5460844
25-01-2012,102.400002,103.800003,100.099998,102.550003,3911974
27-01-2012,102.550003,102.550003,99.099998,100.699997,2011261
30-01-2012,100,100.949997,97.150002,97.449997,2191340
31-01-2012,98,101.900002,98,101.400002,3233281
01-02-2012,100,100.5,97.099998,100,5034833
02-02-2012,101,101.900002,95.199997,97.400002,4968971
03-02-2012,97,100.5,95.75,100.050003,3523440
06-02-2012,100.75,103.949997,100.75,102.75,4673280
07-02-2012,103,106.900002,103,105.550003,6022514
08-02-2012,107,107.75,104.150002,105.599998,3874730
09-02-2012,104.599998,105.849998,103,105.300003,3064575
10-02-2012,105.949997,107.849998,103.650002,105.25,3901735
13-02-2012,105.5,106.5,103.75,105.949997,2401433
14-02-2012,105,109.75,105,109.099998,3882293
15-02-2012,109.949997,115.900002,109.199997,114.349998,4907557
16-02-2012,114,116.949997,112.150002,116.25,3664926
17-02-2012,117.650002,121.650002,116.75,118.050003,4572109
21-02-2012,118.050003,120,114.650002,118.449997,2554319
22-02-2012,118.949997,119.400002,108.5,110.150002,3312629
23-02-2012,109.599998,112.400002,106.199997,109.5,3985352
24-02-2012,110,111.5,106.5,109.5,2900440
27-02-2012,109.800003,111.800003,102.800003,104.349998,2937775
28-02-2012,100,111.900002,100,111.400002,3032444
29-02-2012,112,114.25,105.900002,108.099998,5017896
01-03-2012,108.300003,110.300003,106.349998,109.550003,2309824
02-03-2012,109.550003,114.849998,107.75,112.800003,5403359
05-03-2012,111.050003,111.199997,106.699997,106.900002,2208447
06-03-2012,106.900002,110.849998,105.349998,106.050003,2407835
07-03-2012,106.050003,107.5,104.150002,107,2060961
09-03-2012,107,112,107,111.699997,2160905
12-03-2012,114,115.900002,111.300003,112.599998,5024234
13-03-2012,112.75,115.400002,112.75,113.75,2108385
14-03-2012,114.599998,116,113.150002,115.349998,2725539
15-03-2012,114.550003,115.699997,109.699997,110.300003,2569287
16-03-2012,110.900002,112.25,106.800003,107.550003,2441179
19-03-2012,107.599998,107.599998,104.25,104.550003,1413944
20-03-2012,105,107.650002,103.550003,107,1700127
21-03-2012,106.949997,111.050003,105.699997,110.800003,1885747
22-03-2012,110.050003,110.949997,105.099998,105.699997,2450767
23-03-2012,106.25,109.150002,105.199997,108.199997,1747048
26-03-2012,108.199997,108.300003,104.699997,105.400002,1735195
27-03-2012,107.050003,109.25,105.599998,107.150002,3402049
28-03-2012,107.099998,107.099998,103.75,104.650002,1877124
29-03-2012,104,104,97.5,100,14137438
30-03-2012,101,105.099998,100.5,104.699997,1973866
02-04-2012,105,106.5,104.550003,105.550003,1374260
03-04-2012,106.050003,106.900002,105.550003,106.150002,1074263
04-04-2012,106.400002,107.300003,104.199997,106.699997,1114626
09-04-2012,106.699997,106.699997,103.599998,104.050003,1107040
10-04-2012,104.699997,106.650002,103.099998,106.199997,1505156
11-04-2012,105.949997,108.5,104.5,106.599998,2131294
12-04-2012,107,110.400002,107,107.75,3245229
13-04-2012,108,109.75,105.050003,105.449997,1664837
16-04-2012,105,109.150002,104.949997,108.800003,1478338
17-04-2012,109,110.800003,105.300003,109,3188306
18-04-2012,109.449997,110.449997,106.900002,107.349998,1521275
19-04-2012,107.550003,108.300003,106.5,107.449997,1047429
20-04-2012,107,108.400002,105.699997,106.099998,1487549
23-04-2012,107,109.199997,104.699997,104.949997,3939608
24-04-2012,105.449997,107.199997,104.5,106.050003,1883729
25-04-2012,106.050003,106.5,102.099998,102.800003,1908850
26-04-2012,103.75,105.900002,101.400002,104.400002,8001276
27-04-2012,103.5,103.75,99.849998,100.599998,2515492
30-04-2012,101.949997,103.900002,100.199997,101.550003,1884553
02-05-2012,101.550003,103.199997,100.699997,101.25,1631784
03-05-2012,101.25,101.5,97.400002,98.199997,2731158
04-05-2012,98,98,94.800003,95.800003,2118229
07-05-2012,94.949997,97.949997,92.800003,97.400002,2096211
08-05-2012,98,99.849998,94,95.150002,2010415
09-05-2012,95,95.150002,91.599998,91.849998,1431223
10-05-2012,92,94.300003,91.699997,92.349998,1756348
11-05-2012,92,93.449997,89.699997,92,2035701
14-05-2012,92.25,92.900002,88.25,89.349998,1903688
15-05-2012,89,92.199997,88.099998,91.300003,1698721
16-05-2012,90.800003,91,87.75,89.199997,1377691
17-05-2012,90,91,85.5,86.699997,2178506
18-05-2012,86,89.300003,84.599998,88.150002,1851391
21-05-2012,88.5,90.900002,88.199997,89.400002,1400990
22-05-2012,90,90.849998,87,87.25,1661208
23-05-2012,87.25,87.25,85.25,85.550003,1622847
24-05-2012,86,86.900002,85.099998,86.599998,1742788
25-05-2012,86.599998,87.699997,86.050003,87.099998,1431755
28-05-2012,87.800003,89.400002,87.199997,89.25,1443346
29-05-2012,89.849998,90.199997,88.349998,88.900002,2280194
30-05-2012,89.400002,89.400002,85.800003,86.199997,1251306
31-05-2012,86,86,84.400002,84.949997,4356273
01-06-2012,85.599998,86.349998,83.449997,83.800003,1806579
04-06-2012,83.300003,86.150002,82,85.699997,2041534
05-06-2012,86.050003,87,84.400002,85.699997,1473254
06-06-2012,86,89.400002,86,88.900002,2401362
07-06-2012,90.699997,90.699997,88.199997,89.349998,2013795
08-06-2012,88.900002,91.5,88.050003,90.800003,1722376
11-06-2012,92.050003,94.199997,89.800003,90.650002,2836482
12-06-2012,89.050003,93.5,89.050003,92.949997,2439853
13-06-2012,93,94.599998,92.550003,93.25,1864181
14-06-2012,93.25,93.699997,90.099998,90.449997,1722494
15-06-2012,91.5,92.449997,90.599998,91.849998,1321446
18-06-2012,93,95.949997,86.5,87.550003,3014229
19-06-2012,87.050003,89.349998,86.650002,88.599998,1940213
20-06-2012,89,89.949997,88.099998,89.599998,1208812
21-06-2012,89.599998,92.400002,88.599998,92.050003,2357389
22-06-2012,91.349998,92,89.599998,91.650002,1550902
25-06-2012,87,94.099998,87,90.800003,2081278
26-06-2012,90.699997,91.900002,90.199997,90.699997,956579
27-06-2012,94.5,94.5,91.050003,92.449997,1250178
28-06-2012,91.75,92.849998,90.400002,90.75,1634099
29-06-2012,91.300003,94.199997,91.300003,93.400002,1909425
02-07-2012,94.800003,95.900002,93.300003,95.199997,2001227
03-07-2012,95.849998,97.099998,95.400002,96.150002,1816490
04-07-2012,96.449997,97,95.599998,96.599998,1680906
05-07-2012,95.699997,99.5,95.699997,98.550003,2281662
06-07-2012,98.900002,98.900002,96.650002,97.849998,1632078
09-07-2012,97.449997,97.449997,94.5,95.349998,1437191
10-07-2012,95.349998,98.300003,95.300003,97.849998,1983249
11-07-2012,97.800003,98.5,96.650002,96.900002,1256761
12-07-2012,96.5,96.5,94.25,95.449997,1442891
13-07-2012,95.650002,96.75,94.75,95.050003,964535
16-07-2012,95.099998,96.050003,93.900002,94.75,1134630
17-07-2012,95,96,92.099998,92.449997,1719594
18-07-2012,92.5,93.5,91.25,92.849998,1485056
19-07-2012,93.550003,94.550003,93.150002,93.849998,997087
20-07-2012,94,95.5,92.400002,92.650002,1145841
23-07-2012,92.099998,92.099998,89.599998,90,1092919
24-07-2012,90,90.400002,87.849998,88.75,1821685
25-07-2012,88.099998,88.75,87,87.650002,1610251
26-07-2012,88,88.300003,86,86.599998,1789441
27-07-2012,87.650002,89.400002,84.449997,85.099998,1830049
30-07-2012,85.099998,88.900002,84.5,88.5,1369589
31-07-2012,88.800003,89.199997,85.949997,88,2244370
01-08-2012,87,87.25,85.050003,86.550003,2189261
02-08-2012,86.099998,87.5,86.099998,87.150002,1055084
03-08-2012,86.75,87.099998,85.050003,86.75,1223322
06-08-2012,87.949997,88.449997,86.199997,86.75,1285056
07-08-2012,88.75,88.75,86.5,87.25,1018111
08-08-2012,87.25,88.099998,86.25,86.449997,1077013
09-08-2012,87,87.449997,85.349998,85.900002,918365
10-08-2012,85.800003,85.800003,83.400002,84.150002,1567833
13-08-2012,84.099998,85.349998,83.599998,85.050003,838702
14-08-2012,85.099998,87.150002,84,86.150002,1068097
16-08-2012,86.150002,87.75,86.150002,87.099998,1015564
17-08-2012,86,88.25,84.599998,86.699997,1064389
21-08-2012,86.699997,87.949997,86.150002,87.699997,899510
22-08-2012,87.5,87.849998,86.199997,86.449997,1120366
23-08-2012,85.449997,88,85.449997,86.650002,1307695
24-08-2012,86.300003,86.300003,84.599998,85.5,1016343
27-08-2012,85.550003,86,84,84.25,1064030
28-08-2012,84.050003,84.5,83,84.099998,893470
29-08-2012,84.349998,84.900002,83,83.699997,672091
30-08-2012,83.699997,86,83,85.699997,1259453
31-08-2012,85.099998,85.400002,83.300003,83.949997,1070262
03-09-2012,84.199997,85.449997,83.75,84.949997,861440
04-09-2012,84.800003,87.650002,84.349998,86.900002,1671726
05-09-2012,87,87.25,85.550003,86.5,1010575
06-09-2012,86.5,88.300003,86,86.900002,1589680
07-09-2012,87.300003,88.75,87.25,87.949997,1026761
10-09-2012,88,89.400002,84.599998,87.550003,1352492
11-09-2012,87.050003,88.150002,86.599998,87.699997,853284
12-09-2012,88.25,89,87.800003,88.349998,1115226
13-09-2012,88.900002,88.900002,86.75,87.599998,1390702
14-09-2012,88.5,90.849998,88.300003,90.25,2812813
17-09-2012,91,95.800003,90.75,94.300003,4363070
18-09-2012,94.599998,98.699997,93.900002,98.25,3655633
20-09-2012,98.25,99,94.599998,95.900002,2956848
21-09-2012,96.25,99.800003,96.25,98.599998,2852839
24-09-2012,99.25,100.900002,98.099998,98.650002,2125308
25-09-2012,99,100.199997,96.400002,98.150002,1644894
26-09-2012,97.550003,99.199997,96.650002,97.800003,1078291
27-09-2012,98,100.199997,98,99.400002,2183091
28-09-2012,99.25,102.300003,99.050003,100.050003,2381666
01-10-2012,99.099998,102.449997,99.099998,102.099998,2549352
03-10-2012,102.099998,104.5,101.699997,104.25,2641034
04-10-2012,104.5,105.800003,103.5,104,1964572
05-10-2012,104.75,105.199997,100.099998,101.949997,1938427
08-10-2012,102.5,102.949997,99.050003,99.650002,1357520
09-10-2012,100.099998,101.699997,98.800003,100,1227468
10-10-2012,99.699997,99.900002,97.900002,98.199997,1148263
11-10-2012,98.800003,100.849998,96.800003,100.050003,1579824
12-10-2012,99.949997,101.75,99,99.349998,1335178
15-10-2012,99.949997,100.699997,99.099998,100.150002,1000823
16-10-2012,100.849998,101.150002,97.449997,98.099998,1225616
17-10-2012,98.550003,99.25,97.199997,98.099998,914499
18-10-2012,98.5,101.150002,97.599998,100.900002,1876671
19-10-2012,100.900002,101.400002,98.449997,99.400002,1249630
22-10-2012,99,99.449997,97.599998,98.349998,972428
23-10-2012,98.5,99.050003,97.25,97.75,709296
25-10-2012,97.75,98.400002,96.25,97.099998,1663700
29-10-2012,96.550003,98.5,94.050003,94.75,2123334
30-10-2012,95.900002,95.900002,91.199997,92.050003,2648285
31-10-2012,91,93.099998,90.25,92.800003,2078544
01-11-2012,92.300003,94.849998,92.099998,94.349998,1440950
02-11-2012,94.849998,96.75,94.599998,96.050003,1493798
05-11-2012,95.900002,97.849998,95.150002,97,1725160
06-11-2012,97.900002,99.449997,96.099998,98.199997,2127317
07-11-2012,98.5,104,97.900002,103.599998,5685435
08-11-2012,102,107.400002,102,106.75,5745446
09-11-2012,107,108.5,103.849998,104.849998,4512591
12-11-2012,104.5,106.900002,103.300003,106.25,2654937
15-11-2012,106.5,107.25,105.5,106.699997,2276189
16-11-2012,106.5,107.199997,102.300003,103.150002,2049542
19-11-2012,103.150002,103.699997,100.349998,101.550003,1406590
20-11-2012,102.199997,102.449997,98.900002,99.900002,1129664
21-11-2012,100,101.800003,98.599998,101.25,1574215
22-11-2012,101.050003,104.150002,101.050003,102.900002,1705128
23-11-2012,103,103.25,100.5,102.400002,1223388
26-11-2012,102.800003,103.300003,101.050003,102.5,1142722
27-11-2012,102.5,103.349998,101.800003,102.050003,899996
29-11-2012,102.050003,105.800003,101.449997,104.599998,2391582
30-11-2012,105.699997,108.5,105.550003,108.150002,2977774
03-12-2012,108,110,107.300003,108.599998,2013397
04-12-2012,108.449997,110.400002,107,109.300003,1892886
05-12-2012,110,110.699997,108.650002,109.099998,1830547
06-12-2012,109.5,110.699997,105.650002,109.599998,2330263
07-12-2012,110,111.449997,108.199997,109.550003,2300364
10-12-2012,110,114.449997,108.650002,114,3857243
11-12-2012,114.199997,115.099998,108.5,110.75,3864740
12-12-2012,111,112.849998,109.800003,111.199997,1934305
13-12-2012,112,112.75,107.099998,107.550003,2324408
14-12-2012,107.25,110.150002,107.050003,109.900002,1962535
17-12-2012,109.75,110.900002,109.349998,110.150002,1321801
18-12-2012,110.599998,111.699997,107.199997,111,2459632
19-12-2012,111.900002,112.599998,110.199997,110.900002,1384565
20-12-2012,110.5,113.050003,109.300003,112.25,1776952
21-12-2012,111,111.449997,107.900002,108.400002,1651016
24-12-2012,108.599998,109.900002,107.400002,108.599998,937629
26-12-2012,108.599998,110.349998,108.599998,109.300003,1126507
27-12-2012,109.5,110.900002,108.699997,109.050003,1686627
28-12-2012,109.75,111.449997,109.150002,110.349998,1485954
31-12-2012,110.949997,112.150002,110.199997,111.449997,1428293
01-01-2013,112.050003,114.5,112,113.650002,2130304
02-01-2013,114.400002,115.599998,114,114.550003,2192121
03-01-2013,114.949997,115.800003,113.300003,114.800003,1985184
04-01-2013,114.800003,117,113.699997,116.550003,2357899
07-01-2013,116.550003,117.699997,115.949997,116.449997,3193923
08-01-2013,115.949997,117.400002,115.099998,116.25,2228227
09-01-2013,116.25,118.400002,116,116.650002,4110593
10-01-2013,117.449997,117.75,115.800003,116.949997,4188490
11-01-2013,117.050003,117.5,113,114,1501115
14-01-2013,114.449997,116.400002,112.099998,115.949997,2030179
15-01-2013,116.199997,116.699997,114.300003,115.300003,1529434
16-01-2013,115.300003,116.400002,112.599998,113.150002,1895645
17-01-2013,112.449997,115.5,112.099998,114.550003,1988086
18-01-2013,115.349998,115.949997,112.800003,113.300003,1783913
21-01-2013,113.5,114.599998,111.199997,112.150002,1976377
22-01-2013,112.150002,113.400002,109.349998,109.900002,1538943
23-01-2013,110,110.400002,106.650002,108.150002,1536219
24-01-2013,108.949997,108.949997,104.5,104.949997,1280020
25-01-2013,104.949997,108.5,103,108.050003,1791320
28-01-2013,108.050003,109,106.599998,107.949997,1174464
29-01-2013,107.949997,110.900002,106.650002,107.099998,2342104
30-01-2013,108.849998,110.5,105.550003,106.550003,1189189
31-01-2013,106.550003,108.75,105.849998,107.599998,1240310
01-02-2013,107.199997,107.800003,105.099998,105.800003,806446
04-02-2013,105.900002,106.400002,101.699997,102.300003,1309973
05-02-2013,100.900002,102.599998,99.849998,101.900002,1424020
06-02-2013,102.099998,103.25,100.099998,101.300003,1156614
07-02-2013,101.300003,102.650002,99,100.800003,1623288
08-02-2013,100.800003,101.449997,99.099998,99.550003,1119204
11-02-2013,99.599998,100.75,98.300003,99.699997,1037737
12-02-2013,99.699997,101.400002,98.75,100.199997,1365632
13-02-2013,100.5,102.150002,98.5,98.949997,1344029
14-02-2013,99.5,99.949997,96.800003,97.25,1200418
15-02-2013,97.25,98.75,95.900002,97.800003,1102600
18-02-2013,98,99.900002,97.900002,99.150002,599533
19-02-2013,99.199997,100.650002,98,100.300003,961086
20-02-2013,100.5,101.150002,99.25,99.900002,755765
21-02-2013,99.5,99.5,96.199997,96.599998,1110313
22-02-2013,96.550003,97.900002,96.099998,97.050003,829080
25-02-2013,97.449997,97.949997,94.300003,95.449997,838001
26-02-2013,95,95.550003,93.25,93.75,657251
27-02-2013,95.199997,95.199997,91.949997,94.25,937290
28-02-2013,94.949997,95.5,86.400002,87.949997,3662235
01-03-2013,88.849998,89.949997,87,88.75,1363965
04-03-2013,88.900002,89.400002,87.300003,87.699997,923283
05-03-2013,87.699997,89.849998,87.699997,89.550003,930171
06-03-2013,90.349998,92.150002,90.25,91.449997,1027682
07-03-2013,91,92.25,90.150002,91.75,998142
08-03-2013,92.400002,93.25,91.150002,92.900002,878012
11-03-2013,93,93.75,92,92.599998,797500
12-03-2013,93.400002,93.5,90.099998,91.699997,904053
13-03-2013,91.5,91.5,88.25,88.599998,1300366
14-03-2013,92,92,86,90.150002,2131329
15-03-2013,90.5,91.300003,88.550003,89,1334954
18-03-2013,85.199997,89.25,85.150002,87.75,1564132
19-03-2013,88.5,88.900002,85.5,85.75,1881368
20-03-2013,86,86.199997,82.550003,83.150002,1324261
21-03-2013,83.849998,84.699997,81.050003,81.400002,1168127
22-03-2013,81.400002,83.699997,80.75,82.150002,1112005
25-03-2013,82.599998,84.150002,80.5,81.199997,858838
26-03-2013,81.949997,81.949997,79,79.800003,1208690
28-03-2013,79.800003,80.650002,78.5,80.25,1662806
01-04-2013,80.25,82.849998,80.25,82.599998,936767
02-04-2013,82,84.400002,82,84.150002,1060957
03-04-2013,84,85,81.5,82.25,1062754
04-04-2013,81.599998,84.199997,80.300003,83.150002,2634736
05-04-2013,82.75,83.949997,80.800003,81.599998,1312183
08-04-2013,81.900002,82.849998,80.650002,80.849998,783621
09-04-2013,81.050003,82.900002,79.349998,79.849998,1250135
10-04-2013,80.199997,81,79,80.75,1242320
11-04-2013,80.900002,81.699997,79.5,80.599998,1093695
12-04-2013,80.25,82.25,79.599998,81.550003,890535
15-04-2013,81.75,83.800003,81.099998,82.800003,1363690
16-04-2013,82.150002,84.949997,82.150002,84.550003,1590213
17-04-2013,85,86.050003,83.699997,84.5,1557379
18-04-2013,84.199997,86.800003,84.199997,86.449997,1565513
22-04-2013,86.449997,88.300003,86,87.849998,1660601
23-04-2013,88,88.199997,85.699997,87.150002,1130371
25-04-2013,87.150002,89.650002,87,88.150002,3933384
26-04-2013,87,91.900002,86.699997,88.849998,3539057
29-04-2013,88.599998,90.449997,88.599998,89.849998,1026460
30-04-2013,90,90.849998,86.599998,88.25,1530678
02-05-2013,88.25,91,88.199997,90.75,1742351
03-05-2013,90.300003,91.25,88.099998,89.25,1821676
06-05-2013,88.550003,89.599998,86.75,87.699997,2477659
07-05-2013,87.699997,88.599998,87.5,88.150002,1044009
08-05-2013,88.199997,89.150002,87.050003,87.949997,1114592
09-05-2013,88.449997,88.949997,86.5,88.099998,1564335
10-05-2013,87.599998,88.75,87.449997,88.25,731250
13-05-2013,87.300003,88.25,86,86.5,787704
14-05-2013,86.25,87.449997,85.949997,87.099998,815852
15-05-2013,87.5,90.300003,87.349998,89.550003,1592677
16-05-2013,89,91.75,89,90.5,1343049
17-05-2013,90.75,91.349998,89.599998,90.800003,724031
20-05-2013,91,92.800003,90.25,90.550003,1305150
21-05-2013,90.25,91.400002,89.5,89.849998,871637
22-05-2013,90,90.5,87.349998,87.949997,949488
23-05-2013,87.5,87.800003,84.5,84.949997,1022472
24-05-2013,85.199997,85.900002,84.099998,85.150002,886294
27-05-2013,85.800003,86.349998,84.599998,85.550003,806329
28-05-2013,85.099998,86.599998,85.099998,86,731370
29-05-2013,85.300003,86.849998,83.25,83.949997,1449988
30-05-2013,83.349998,84.050003,81.5,81.849998,2590227
31-05-2013,81.150002,82.449997,79.300003,79.75,1289365
03-06-2013,79.800003,80.400002,79.099998,80.050003,1025636
04-06-2013,80,80.650002,77.849998,78.300003,1685957
05-06-2013,78.099998,79,77.150002,78.449997,1602073
06-06-2013,78.400002,80.300003,77.599998,79.349998,1241664
07-06-2013,79.400002,80.449997,78.300003,78.650002,890658
10-06-2013,78.199997,79.400002,76.349998,77.449997,1050976
11-06-2013,77,77.349998,75.099998,75.849998,992228
12-06-2013,75.050003,76.900002,75.050003,76.150002,846383
13-06-2013,75.75,76.400002,74.849998,75.099998,605569
14-06-2013,75.599998,77.349998,75.599998,76.75,983678
17-06-2013,76.699997,78.900002,75.150002,77.550003,1057587
18-06-2013,77.5,78.199997,75.75,76.150002,1278984
19-06-2013,75.75,77.199997,75.75,76.699997,649671
20-06-2013,76.5,76.5,73.650002,74.199997,1073473
21-06-2013,74,75.099998,71.550003,72.849998,1401894
24-06-2013,72.5,72.5,69.599998,70.150002,1395877
25-06-2013,70.150002,71.300003,68.5,69.5,1241984
26-06-2013,69.599998,70.400002,68.5,68.849998,994807
27-06-2013,69.550003,69.900002,66.300003,68.25,2079004
28-06-2013,69,71.400002,69,70.849998,1053301
01-07-2013,70.849998,74.5,70.849998,73.800003,1185688
02-07-2013,73.800003,74.849998,73,73.449997,976518
03-07-2013,73,73,69.550003,69.849998,1313845
04-07-2013,70,72.699997,68.599998,71.349998,1675667
05-07-2013,72,72.699997,70.400002,71.599998,1081962
08-07-2013,70.849998,71.5,69.650002,70.75,978774
09-07-2013,71.400002,73.900002,70.849998,73.25,1279896
10-07-2013,73,74,71.449997,71.849998,1272084
11-07-2013,72.900002,74.349998,72.800003,73.099998,1098850
12-07-2013,73.150002,73.699997,71.900002,72.949997,842782
15-07-2013,72.25,75,72.25,74.650002,1436909
16-07-2013,73,73.199997,70.5,70.949997,1910922
17-07-2013,72,72,68.699997,69.400002,1655941
18-07-2013,69,71,66.349998,70.400002,5978211
19-07-2013,70.25,70.900002,68.550003,69.849998,2012892
22-07-2013,70.199997,71.25,69.5,70.849998,1348177
23-07-2013,71.25,73.650002,71.25,73.050003,2428629
24-07-2013,71.550003,71.949997,69.349998,71.25,1662467
25-07-2013,70.949997,72.349998,69,70.25,4384454
26-07-2013,70.599998,70.75,67.5,68.349998,1404215
29-07-2013,68,68,65.699997,66.400002,1817488
30-07-2013,67.300003,67.300003,64.25,64.650002,1869077
31-07-2013,64,65.650002,62,65.099998,1349869
01-08-2013,66,66,61.150002,62.099998,1626764
02-08-2013,63,63,59.099998,59.75,1861793
05-08-2013,59.5,60.900002,58.200001,60.349998,1700219
06-08-2013,60,60,56.549999,56.849998,1792178
07-08-2013,56.849998,59.400002,56.75,58.400002,1943791
08-08-2013,58.299999,59.599998,57,58.099998,1949858
12-08-2013,58.099998,60.200001,57.599998,59.200001,1525681
13-08-2013,59.400002,61,58.400002,60.75,1265490
14-08-2013,60.349998,62,60.349998,61.299999,1388148
16-08-2013,61.299999,61.450001,55.900002,57.200001,1995310
19-08-2013,56.950001,57.75,54.650002,55.900002,1770141
20-08-2013,55,57.150002,54,56.599998,1740989
21-08-2013,58.5,59.5,54.900002,55.299999,2008731
22-08-2013,55.299999,56.950001,54.75,56.75,1723406
23-08-2013,57.650002,58.299999,56.700001,58,1185021
26-08-2013,59,59.099998,57.75,58.349998,1594030
27-08-2013,58,58,56.049999,56.450001,1954150
28-08-2013,55.349998,56.799999,54.049999,56.450001,1721552
29-08-2013,54.25,55,53.099998,54.700001,3388240
30-08-2013,55,55.849998,53.75,54.849998,1618280
02-09-2013,55,56,54.849998,55.400002,917721
03-09-2013,56,56.200001,52.5,53,1251076
04-09-2013,52.599998,54.700001,52.299999,53.900002,1392490
05-09-2013,55.099998,57.200001,54.950001,56.849998,2935021
06-09-2013,57.099998,57.5,55.549999,56.25,1632027
10-09-2013,56.25,57.900002,56.25,56.950001,1446945
11-09-2013,57.400002,60,56.099998,59.75,3047887
12-09-2013,60.299999,61.650002,58.549999,59.099998,2641232
13-09-2013,59.450001,60.599998,58.549999,59.700001,1777985
16-09-2013,60.150002,61.700001,59.150002,60.150002,2075906
17-09-2013,60,60.049999,58.5,59.75,1506985
18-09-2013,60.650002,61.200001,59.299999,61,1830877
19-09-2013,63.400002,65.5,62.5,64.550003,4027656
20-09-2013,65.949997,65.949997,61,63.650002,4468849
23-09-2013,62.849998,63.099998,60.75,60.950001,1320101
24-09-2013,60,62.450001,59.950001,61.25,1047605
25-09-2013,60.650002,62.099998,59.25,60.650002,1293335
26-09-2013,60.5,61.400002,60.099998,60.799999,863832
27-09-2013,61.75,61.75,59.75,59.950001,1059979
30-09-2013,60.400002,60.400002,57.900002,58.450001,913535
01-10-2013,58.299999,60.599998,58.299999,60,871477
03-10-2013,60,61.75,59.400002,61.349998,1548621
04-10-2013,61.099998,62.150002,60.700001,61.150002,1119836
07-10-2013,61.200001,61.400002,60.25,61.099998,604886
08-10-2013,62.349998,63,61.349998,61.849998,1106046
09-10-2013,61.400002,62.549999,61.099998,62.25,984177
10-10-2013,62.5,62.799999,61.950001,62.349998,753710
11-10-2013,62.700001,63.900002,62.349998,63.099998,1677983
14-10-2013,63.299999,64.5,62.900002,64,1236114
15-10-2013,64.5,64.5,61.5,61.950001,1019567
17-10-2013,61.950001,62.650002,61.150002,61.549999,759113
18-10-2013,61.849998,63.25,61.650002,62.950001,927496
21-10-2013,64.099998,65.599998,63.099998,65,1425414
22-10-2013,64.550003,65.900002,64.550003,65.099998,1431604
23-10-2013,65.75,68.349998,65,67.849998,3213219
24-10-2013,68.5,69.599998,68,68.449997,3263970
25-10-2013,68.75,68.75,66,66.349998,1495208
28-10-2013,66.400002,67.199997,65.800003,66.400002,1940220
29-10-2013,67.050003,68.849998,65.400002,68.599998,2489695
30-10-2013,68.900002,68.949997,65.400002,65.949997,2079450
31-10-2013,64,68.099998,64,67.75,3862498
01-11-2013,67,71,67,69.300003,5003113
05-11-2013,69.300003,72.650002,68.550003,71.349998,3747148
06-11-2013,71.699997,72,68.099998,68.550003,1877269
07-11-2013,68.400002,70.150002,66.800003,67.150002,3800965
08-11-2013,66.900002,68.25,66.400002,67.050003,1193765
11-11-2013,66.800003,66.800003,64.050003,64.75,1706243
12-11-2013,64.300003,65.599998,63.900002,64.150002,1267465
13-11-2013,63.549999,65,63.299999,63.650002,1356270
14-11-2013,64.099998,66.449997,64.099998,64.550003,1272796
18-11-2013,64.550003,66.400002,64.550003,66.150002,1669496
19-11-2013,65.400002,67.800003,65.400002,67.349998,1860084
20-11-2013,67.150002,67.650002,65.25,65.949997,1524413
21-11-2013,65.050003,65.75,64.5,64.75,1164863
22-11-2013,65.099998,65.449997,63.25,63.400002,1346582
25-11-2013,63.5,65.099998,63.5,64.800003,895366
26-11-2013,63.950001,64.699997,63.5,63.799999,1158390
27-11-2013,63.75,64.300003,63.099998,63.599998,993728
28-11-2013,65.099998,65.099998,63.200001,63.5,1823278
29-11-2013,63.75,65.25,63.75,64.849998,1174076
02-12-2013,64.650002,65.699997,64.5,65,922207
03-12-2013,64.300003,65.550003,64.300003,64.75,574114
04-12-2013,64,65.150002,63.700001,63.849998,808148
05-12-2013,65,66.5,65,65.849998,1411078
06-12-2013,66.300003,67.449997,65.099998,66.550003,2270389
09-12-2013,68.800003,69,66.550003,66.949997,1428434
10-12-2013,66.699997,67,64.75,65.199997,1091563
11-12-2013,65,65.849998,64.400002,65.050003,1057797
12-12-2013,64.050003,64.949997,64,64.199997,575591
13-12-2013,63.700001,64.150002,62.450001,62.700001,1031601
16-12-2013,62.25,63.450001,61.799999,62.150002,822079
17-12-2013,62.299999,62.950001,60.650002,61.049999,1004652
18-12-2013,60.5,63.5,60.5,63.049999,1370007
19-12-2013,63.200001,63.75,61.5,62.049999,1084372
20-12-2013,62.200001,64.900002,62.200001,64.25,1970962
23-12-2013,64.300003,65.800003,64.199997,64.949997,1156005
24-12-2013,64.849998,65.699997,64.650002,65.150002,899618
26-12-2013,65.150002,66.400002,65,65.650002,1167805
27-12-2013,65.300003,66.599998,65.300003,65.849998,706794
30-12-2013,66.099998,66.449997,65.099998,65.449997,665690
31-12-2013,65.400002,66.650002,65,66.449997,962066
01-01-2014,66.5,67.800003,66.5,67.599998,1259992
02-01-2014,67.550003,69.199997,65.25,65.599998,1937052
03-01-2014,65,66.400002,64.349998,66.150002,1179698
06-01-2014,66.150002,66.349998,65.099998,65.550003,757854
07-01-2014,66.099998,66.150002,63.849998,64.25,985516
08-01-2014,64,67.099998,63.099998,66.800003,2888241
09-01-2014,66.599998,67.800003,64.5,64.75,1214946
10-01-2014,65,65.900002,63.75,64.099998,986174
13-01-2014,63.849998,65,63.25,64.199997,1616890
14-01-2014,64,64.949997,63.799999,64.050003,705168
15-01-2014,64.099998,65.800003,64.099998,65.349998,1421433
16-01-2014,65.349998,65.599998,64.5,64.75,577645
17-01-2014,64.449997,65.150002,62.950001,63.200001,1126128
20-01-2014,63,64.150002,62.599998,63.150002,925414
21-01-2014,63.400002,64,63.299999,63.849998,705465
22-01-2014,64.349998,64.349998,63.049999,63.450001,1184980
23-01-2014,62.950001,64.099998,62.799999,63.650002,1294260
24-01-2014,63,63.75,60.799999,61.450001,1226925
27-01-2014,60.950001,61,57.049999,57.450001,1569574
28-01-2014,57.75,58.299999,55.400002,56.200001,3390090
29-01-2014,56.799999,57.049999,54.049999,54.349998,2856217
30-01-2014,54,55.099998,52.900002,54.75,2198574
31-01-2014,55,55.900002,54.5,55.549999,1395254
03-02-2014,53.799999,55,53.099998,54.400002,2785138
04-02-2014,53.549999,55.950001,53.450001,55.549999,1510937
05-02-2014,55.849998,56.049999,53.650002,55.049999,1682189
06-02-2014,55.650002,55.650002,53.900002,54.200001,1500495
07-02-2014,54.75,55.200001,54.25,54.700001,1332754
10-02-2014,54.700001,55.450001,54.400002,54.700001,733592
11-02-2014,55,55.200001,54.5,54.900002,701933
12-02-2014,55.150002,55.450001,54.400002,54.700001,728137
13-02-2014,54.700001,55,53.700001,53.849998,928939
14-02-2014,54,55.150002,53.400002,55,1297450
17-02-2014,54.75,56.25,54.75,56.049999,1405123
18-02-2014,56.099998,56.900002,56,56.450001,983379
19-02-2014,56.450001,56.799999,55.450001,56.099998,962316
20-02-2014,55.5,56.400002,55.5,55.900002,707169
21-02-2014,55.5,56.599998,55.5,56.150002,413675
24-02-2014,56.400002,56.599998,55.900002,56.099998,676415
25-02-2014,56.200001,56.599998,55.650002,55.900002,662363
26-02-2014,55.650002,56.150002,55.5,55.700001,926673
28-02-2014,55.700001,56.450001,55.450001,56,685830
03-03-2014,56,57.450001,55.900002,56.200001,1133835
04-03-2014,56.200001,57.299999,56.049999,57.150002,1054220
05-03-2014,57.5,58.700001,56.75,58.5,1430676
06-03-2014,58.599998,59,58.049999,58.650002,1201136
07-03-2014,58.799999,60.450001,58.799999,59.849998,2345778
10-03-2014,59.849998,61.400002,59.049999,60.700001,1801821
11-03-2014,60.799999,61.599998,59.75,59.950001,1497285
12-03-2014,59.799999,60.299999,59.150002,59.549999,1164321
13-03-2014,60,61.299999,59,59.400002,1492460
14-03-2014,58.950001,59.299999,58.150002,59.049999,749473
18-03-2014,59.049999,60.349998,59.049999,59.700001,1206575
19-03-2014,60,60.25,59.299999,59.549999,951990
20-03-2014,59.5,59.950001,58.049999,58.299999,954206
21-03-2014,58.400002,59.200001,58.400002,58.700001,1211269
24-03-2014,60.450001,60.450001,59.799999,59.950001,1159590
25-03-2014,59.900002,60.450001,59.5,60.200001,1072084
26-03-2014,60.150002,62.099998,60.150002,61.549999,2042608
27-03-2014,61.5,64.75,61.349998,63.799999,3490799
28-03-2014,64.150002,66.400002,64,65.800003,2728635
31-03-2014,66.449997,67.050003,64.199997,65.300003,2032146
01-04-2014,65.199997,65.550003,63.299999,64.099998,1386159
02-04-2014,64.599998,65.800003,63.700001,65.550003,1961174
03-04-2014,66.099998,66.650002,64.050003,64.349998,1998096
04-04-2014,64.349998,65.849998,63.700001,65.050003,1457075
07-04-2014,65,65.800003,63.049999,64.199997,1146349
09-04-2014,64.199997,67.400002,64.199997,67,2551244
10-04-2014,67,68.449997,66.099998,66.849998,2637974
11-04-2014,66.449997,69,66.099998,68.150002,2968118
15-04-2014,68.150002,68.900002,66,66.349998,1804002
16-04-2014,66.5,67.199997,64.599998,65.199997,1585895
17-04-2014,65.25,66.650002,64.900002,66.25,1440409
21-04-2014,66.25,68.699997,66.25,68.150002,1798067
22-04-2014,68.75,68.75,66.949997,67.099998,1286937
23-04-2014,67.099998,67.849998,66.800003,67,1522247
24-04-2014,67,67,67,67,0
25-04-2014,67.099998,68.849998,66.900002,67.699997,2052482
28-04-2014,67.699997,69.75,66.599998,69.300003,2266132
29-04-2014,69.650002,70.300003,67.75,68,1751612
30-04-2014,68.400002,71.199997,66.599998,68.199997,4781141
02-05-2014,68.199997,71.75,68.199997,69.099998,4751222
05-05-2014,69.150002,70.099998,68.5,68.75,1797326
06-05-2014,69.050003,69.349998,67.75,68.099998,1082167
07-05-2014,67.800003,68.699997,66.849998,67.199997,1661760
08-05-2014,67,67.400002,65.800003,66.25,1368361
09-05-2014,66,69.599998,65.550003,69.349998,2399123
12-05-2014,70,71,69.199997,69.699997,2215191
13-05-2014,69.800003,71.599998,69.449997,70.449997,3634171
14-05-2014,71.150002,75.099998,70.099998,74.150002,5735704
15-05-2014,74.849998,76,73.199997,73.699997,3735663
16-05-2014,76,82.349998,74.849998,79.550003,9451831
19-05-2014,80.5,86.849998,80.400002,86.449997,4423657
20-05-2014,87.400002,88.550003,85.199997,86.550003,3227024
21-05-2014,87.099998,90.550003,85.599998,88.300003,4006821
22-05-2014,89.650002,91.199997,88.599998,89.599998,2559928
23-05-2014,90.599998,96.800003,89.849998,95.449997,5650973
26-05-2014,97.099998,102.599998,90.699997,97.849998,7821572
27-05-2014,98.25,98.800003,92.800003,94.699997,3734373
28-05-2014,94.75,96.199997,92.199997,93.5,2174774
29-05-2014,93.5,97.5,93.150002,96,3631427
30-05-2014,96,96.75,93.150002,93.599998,1881879
02-06-2014,93.5,99.099998,93.5,98.349998,3572097
03-06-2014,99.25,99.25,96.099998,97.300003,2608668
04-06-2014,96.75,113.849998,96.75,112.25,22453220
05-06-2014,113,115.099998,109,112.050003,14884464
06-06-2014,113.449997,114.800003,109.75,112.199997,8284946
09-06-2014,114.599998,116.400002,110.800003,112.400002,9658865
10-06-2014,112.800003,115,108.5,112.699997,7776664
11-06-2014,112.949997,114.5,108.099998,109.349998,6911625
12-06-2014,109.25,111.400002,107.5,109.400002,3823930
13-06-2014,110.099998,110.5,102.650002,103.199997,4422487
16-06-2014,102,105.300003,97.949997,104.800003,5805963
17-06-2014,103.800003,108.300003,102.5,107.900002,3512227
18-06-2014,106.800003,108.400002,103.199997,105.300003,3208912
19-06-2014,104.699997,106.25,103,103.599998,2311822
20-06-2014,102.650002,107.699997,101.050003,101.550003,3532543
23-06-2014,101.650002,104.400002,101.25,103.699997,2969636
24-06-2014,104.5,107.949997,104.300003,106.699997,3491610
25-06-2014,107.199997,109.5,105.650002,107.550003,3855361
26-06-2014,108.25,109.650002,106.800003,107.550003,5744641
27-06-2014,107.800003,108.199997,104.300003,105.550003,2400836
30-06-2014,105.550003,110,105.550003,109.449997,3928320
01-07-2014,110,110.300003,107,107.650002,2589880
02-07-2014,108.800003,109.150002,106.5,106.900002,2115674
03-07-2014,107.949997,110.849998,106.800003,108,5194551
04-07-2014,108.349998,108.800003,106.099998,107.949997,3026500
07-07-2014,109.199997,109.699997,106.599998,106.900002,2237455
08-07-2014,107,107.25,97.5,98.75,4034158
09-07-2014,98.75,99.75,92.849998,93.75,4842007
10-07-2014,93.5,100.75,89.099998,95.75,7302492
11-07-2014,96,96.650002,87.400002,88.199997,4792659
14-07-2014,87.800003,91.199997,87,89.849998,3438215
15-07-2014,90.849998,93.349998,90.199997,93.099998,3626648
16-07-2014,94.300003,95.099998,92.449997,94.699997,3098399
17-07-2014,94.699997,95.800003,93.599998,94.75,2402095
18-07-2014,93.800003,94.800003,92.599998,93.599998,2184592
21-07-2014,93.75,95.300003,92.900002,93.25,1722700
22-07-2014,93.25,94,91.300003,92.300003,1970200
23-07-2014,92.550003,94.699997,91.599998,92.400002,1989721
24-07-2014,92.599998,94,91.849998,92.900002,1810450
25-07-2014,92.400002,93.400002,89.199997,90.199997,2304639
28-07-2014,90.599998,91.849998,89.5,90.300003,2537279
30-07-2014,90.300003,91.25,88.599998,91.099998,2201190
31-07-2014,90.650002,91.25,88.900002,89.150002,2316168
01-08-2014,88.349998,92.150002,87.800003,89.300003,2882332
04-08-2014,89.050003,90.849998,89.050003,90.699997,1809359
05-08-2014,90.900002,91.699997,89.5,91.400002,1951743
06-08-2014,90.699997,91.449997,84.5,85,7920966
07-08-2014,84.599998,85.25,83.199997,84.599998,4780105
08-08-2014,83.400002,84.099998,82.550003,83.099998,2009441
11-08-2014,79.5,82.5,78.550003,81.199997,6198635
12-08-2014,81.5,82.449997,80.199997,82.099998,3407571
13-08-2014,81.550003,81.949997,76.5,77.800003,3625412
14-08-2014,77.800003,79.5,77.050003,78.849998,2223433
18-08-2014,78.849998,80.650002,78.150002,80.150002,1758646
19-08-2014,80.400002,81.300003,79,79.800003,1920451
20-08-2014,80,80.199997,78.5,79.050003,1310316
21-08-2014,79.050003,81,78.900002,80.349998,1972711
22-08-2014,80.349998,82.25,80.349998,81.099998,2284796
25-08-2014,80.599998,81.800003,78.699997,78.949997,2028901
26-08-2014,78.5,80.349998,78,79.550003,3201162
27-08-2014,79.599998,80.199997,77.25,77.949997,4682144
28-08-2014,77.300003,78.349998,75.650002,75.949997,3887186
01-09-2014,75.949997,78,75.949997,77.699997,2124659
02-09-2014,78.050003,79.400002,77.900002,78.150002,2189286
03-09-2014,78.25,78.650002,76.599998,77.150002,1739453
04-09-2014,76.400002,76.699997,74.5,75.199997,1866474
05-09-2014,74.75,76.199997,73.599998,74.849998,1750562
08-09-2014,75.199997,75.800003,74.25,75.400002,1422169
09-09-2014,75,76.099998,74.050003,75.75,1415227
10-09-2014,75.099998,77.699997,74.599998,77.199997,2197174
11-09-2014,78.550003,78.900002,77.550003,78.199997,2347087
12-09-2014,78.099998,78.699997,76.599998,78,2071114
15-09-2014,77.400002,81.400002,76.800003,80.050003,3287897
16-09-2014,79.900002,80.599998,74,74.599998,3124653
17-09-2014,74.800003,75.75,72.099998,73.849998,2306927
18-09-2014,73.650002,76.5,73.349998,76.25,1976606
19-09-2014,76.400002,77.199997,73.050003,73.449997,5289422
22-09-2014,73.699997,74.650002,72.5,73.800003,1589568
23-09-2014,73.650002,74.449997,71.099998,71.400002,1965475
24-09-2014,71.400002,71.75,66.199997,67.5,4421164
25-09-2014,67.650002,68,58.5,59.5,11184713
26-09-2014,58.900002,63.200001,58.450001,62.700001,6072804
29-09-2014,63.599998,64.800003,62.200001,62.599998,3277065
30-09-2014,62,63.450001,60.25,60.849998,2765537
01-10-2014,61.099998,61.700001,60.099998,60.450001,2441794
07-10-2014,60.450001,61.349998,59.75,60,1613351
08-10-2014,59.549999,60.849998,59.549999,60.25,1838546
09-10-2014,60.150002,62.700001,60.150002,62.200001,2412905
10-10-2014,61.400002,61.950001,60.549999,60.75,1655688
13-10-2014,61.5,61.700001,60.25,61.349998,1604818
14-10-2014,61.799999,62.599998,61,61.549999,2623847
15-10-2014,61.549999,61.549999,61.549999,61.549999,0
16-10-2014,61.599998,62.400002,60,60.099998,2067820
17-10-2014,60.400002,62.25,60.299999,61.599998,2234396
20-10-2014,62.700001,64.099998,62.549999,63.75,2579505
21-10-2014,64.449997,66.449997,64.099998,65.900002,3270978
22-10-2014,66.900002,67.25,65.25,66.849998,2462900
27-10-2014,67.349998,68.75,67,68.349998,3149855
28-10-2014,68.449997,68.949997,67.699997,68.199997,1407273
29-10-2014,68.550003,68.900002,66.599998,67.849998,2250472
30-10-2014,67.5,68.599998,66.550003,68.349998,3192913
31-10-2014,68.900002,71,68.650002,70.599998,5964891
03-11-2014,71.449997,72.75,69.949997,72.300003,2913199
05-11-2014,72.300003,73.349998,70.849998,71.300003,2774399
07-11-2014,71.300003,71.400002,68.849998,70.349998,2094486
10-11-2014,70.25,71.050003,68.800003,69.599998,1724789
11-11-2014,69.349998,72.800003,69.300003,72.449997,2911514
12-11-2014,72.699997,72.849998,71.150002,71.699997,2134497
13-11-2014,71.949997,72.300003,69.650002,69.949997,2554027
14-11-2014,69.349998,72.150002,69.349998,71.699997,2137918
17-11-2014,71,72.150002,70.099998,70.900002,4219947
18-11-2014,71,74.099998,71,73.900002,4313761
19-11-2014,74.449997,74.949997,71.5,72.25,4216601
20-11-2014,71.800003,72.650002,70.199997,71.25,2231320
21-11-2014,71.25,73,70.099998,71.099998,2372349
24-11-2014,71.900002,72.5,70.650002,71.650002,2536119
25-11-2014,72.050003,72.150002,67.5,68.150002,4498699
26-11-2014,68.400002,69.199997,67.5,68.099998,3071231
27-11-2014,68.400002,69.099998,67.25,68.849998,2808705
28-11-2014,69,73.300003,69,72.400002,4897590
01-12-2014,73.449997,73.449997,70.199997,70.650002,2227899
02-12-2014,70.199997,73.849998,69.449997,73.400002,4623038
03-12-2014,73,74.900002,73,73.199997,4517968
04-12-2014,73.300003,73.849998,70.849998,73.050003,3532861
05-12-2014,73.099998,74.199997,72.5,72.800003,2583715
08-12-2014,74.400002,74.699997,72.099998,72.349998,3626954
09-12-2014,72.050003,72.849998,68.800003,69.050003,2930252
10-12-2014,68.949997,71.699997,68.699997,71.25,2855633
11-12-2014,71.25,72.349998,69.599998,70.900002,3316067
12-12-2014,71.199997,71.650002,68.800003,69.099998,2333674
15-12-2014,68.699997,70.400002,68.25,68.75,2294777
16-12-2014,69,69.5,64.800003,65.25,4637353
17-12-2014,65,66.300003,62.599998,65.199997,4280064
18-12-2014,66.800003,68.150002,66.400002,67.699997,2740016
19-12-2014,68.5,69.199997,67.449997,67.900002,2852974
22-12-2014,68.5,70,67.5,69.5,1905567
23-12-2014,69.050003,70.25,68,68.199997,2083896
24-12-2014,68.099998,70,67.599998,69.099998,6170069
26-12-2014,69.099998,71.699997,69.099998,71.349998,3188477
29-12-2014,71.800003,72.400002,71,71.150002,1873883
30-12-2014,72.650002,73.449997,71.599998,73,4474499
31-12-2014,73.449997,73.849998,72.25,73.150002,2365506
01-01-2015,73.199997,75.300003,72.699997,74.75,2844094
02-01-2015,75.099998,78.5,75,76.949997,6493103
05-01-2015,77.849998,77.849998,75.75,76,3406471
06-01-2015,75.699997,75.699997,71.349998,71.900002,3563520
07-01-2015,72.199997,72.650002,69.5,70.849998,3502588
08-01-2015,71.849998,73,71.650002,72.800003,2187653
09-01-2015,73.099998,73.800003,71.550003,72.400002,2203118
12-01-2015,72.400002,75.099998,71.699997,74.849998,2617931
13-01-2015,75.949997,76,73.300003,73.900002,3137991
14-01-2015,73.800003,74.900002,72.5,73.25,2476338
15-01-2015,75.599998,76.949997,74.949997,76.25,3789499
16-01-2015,75.849998,76.449997,75.050003,75.449997,1758980
19-01-2015,75.800003,76.300003,74.699997,75.199997,1757214
20-01-2015,75.199997,76.349998,75.199997,75.900002,1549238
21-01-2015,76.099998,78.349998,75.699997,76.599998,3853325
22-01-2015,77.699997,77.75,75.349998,75.75,2026285
23-01-2015,76.75,76.75,74.5,75.800003,3615928
27-01-2015,75.800003,76,74.349998,75.25,1932478
28-01-2015,75.5,75.699997,73.900002,74.75,1959004
29-01-2015,74.300003,74.900002,72.5,72.75,3074838
30-01-2015,73.099998,73.800003,70.150002,70.800003,2878416
02-02-2015,70.599998,72.400002,70.400002,71.949997,2330999
03-02-2015,72.300003,72.449997,69.150002,69.449997,2725860
04-02-2015,69.599998,69.800003,68.150002,68.550003,2779549
05-02-2015,68.800003,69.150002,65.050003,65.75,2384425
06-02-2015,65,66.599998,63.150002,65.800003,7505354
09-02-2015,64.650002,67.5,63.900002,64.300003,3212930
10-02-2015,63.950001,66.800003,63.150002,65,3641469
11-02-2015,65.5,67.150002,65.199997,66.800003,2186574
12-02-2015,66.699997,67.199997,65.599998,66.449997,2548353
13-02-2015,66.449997,67.900002,66.400002,67.349998,2634619
16-02-2015,68.400002,70.400002,67.25,68.650002,3331054
18-02-2015,68.650002,70.199997,68.150002,69.550003,1881353
19-02-2015,69.900002,71.349998,68.400002,70.349998,2265827
20-02-2015,70.599998,78.75,70.599998,76.25,12132064
23-02-2015,76.949997,76.949997,73.5,74.199997,4442308
24-02-2015,74.199997,75.699997,72.849998,74.150002,4403475
25-02-2015,74.650002,75.199997,73.349998,74.849998,2891070
26-02-2015,75,75,72.900002,73.099998,3293617
27-02-2015,73.800003,76.75,73.400002,75.199997,5138824
02-03-2015,74.849998,75.5,71.900002,73.550003,4657385
03-03-2015,73.599998,82.599998,73.5,81.949997,12155357
04-03-2015,83.199997,84,77.300003,78.099998,10377789
05-03-2015,78.199997,79.900002,77.449997,78.900002,5985915
09-03-2015,78.900002,78.900002,75.650002,75.949997,3106585
10-03-2015,76.099998,76.5,73.150002,74,3479219
11-03-2015,74.099998,77.800003,73.300003,76.199997,4471018
12-03-2015,76.5,78.150002,76.099998,77.449997,2596208
13-03-2015,78.199997,78.449997,73.75,74.199997,2936105
16-03-2015,74.449997,76.300003,73.25,75.300003,2638780
17-03-2015,75.599998,76.400002,73.800003,75.550003,2480358
18-03-2015,75.800003,78.5,75.050003,77.349998,4661928
19-03-2015,78.400002,79.25,73.699997,74.25,4759797
20-03-2015,74.800003,76.099998,73.449997,74.75,4442426
23-03-2015,75,75.449997,72.599998,73,2853961
24-03-2015,72.699997,75,72.199997,73.5,3205656
25-03-2015,73.5,74.300003,72.5,72.949997,2020283
26-03-2015,72.449997,73.099998,71.75,72.099998,3211159
27-03-2015,72.599998,73.150002,66.5,70.099998,5948848
30-03-2015,71.199997,72.199997,70.199997,71.800003,2263343
31-03-2015,72.400002,72.699997,70.550003,71,2130131
01-04-2015,70.699997,73,69.949997,72.800003,2262459
06-04-2015,72.800003,73.150002,71.199997,72.050003,1861849
07-04-2015,72.800003,74.449997,71.5,74.150002,3375688
08-04-2015,74.150002,75.400002,73.25,73.5,2543500
09-04-2015,74.25,76.050003,72.550003,74.800003,3502372
10-04-2015,75,76.5,74.199997,76.099998,2586962
13-04-2015,76,76.650002,74.849998,75.849998,1977448
15-04-2015,75.849998,82.199997,75.199997,78.5,8552491
16-04-2015,79.400002,79.5,77.099998,78.199997,4378196
17-04-2015,77.900002,84.900002,77.050003,81.800003,13969709
20-04-2015,82.449997,84.099998,79,80.150002,7105217
21-04-2015,80,84.5,79,82.150002,7828508
22-04-2015,83,83.699997,76.599998,80.5,9072630
23-04-2015,81.050003,81.449997,78,78.5,5661551
24-04-2015,78.599998,79.599998,75.75,76.300003,4748431
27-04-2015,77,77.400002,72.800003,73.25,5291300
28-04-2015,73.25,75.25,73.099998,74.599998,3748044
29-04-2015,74.699997,76.300003,74.099998,75.150002,3037875
30-04-2015,75.800003,75.800003,73.25,74.5,4693548
04-05-2015,74.5,77.099998,74.5,76.650002,2803378
05-05-2015,76.849998,77.300003,74.699997,75.300003,3365448
06-05-2015,75.150002,75.400002,69.300003,70.449997,5071052
07-05-2015,70.400002,71.050003,67,68,4449914
08-05-2015,69.5,70.099998,67.25,68.449997,4378221
11-05-2015,69,71.5,68.5,70.849998,4355129
12-05-2015,70.800003,70.800003,66.300003,66.699997,5735209
13-05-2015,69,69.5,66.699997,68,6352380
14-05-2015,68.050003,69.900002,66.800003,69.650002,5036248
15-05-2015,70,70.599998,68.5,68.800003,3552955
18-05-2015,69,69.400002,67.849998,68.550003,2497946
19-05-2015,68.599998,70.5,68.400002,69.400002,3514752
20-05-2015,69.599998,70.25,69.050003,69.449997,2905618
21-05-2015,69.699997,69.800003,68.199997,68.900002,2480594
22-05-2015,69,70.150002,68.650002,68.849998,2498314
25-05-2015,68.050003,69,67.75,68,2291208
26-05-2015,68.25,68.550003,66.400002,66.800003,3448345
27-05-2015,68.099998,71.449997,67.400002,70.599998,12257033
28-05-2015,70.900002,71.75,69.849998,70.650002,5676355
29-05-2015,70.949997,71.900002,70.5,71.300003,2860994
01-06-2015,71.300003,71.75,70.699997,70.900002,1631741
02-06-2015,71.449997,71.449997,67.199997,67.699997,4729366
03-06-2015,68,68.199997,63,64.900002,4685737
04-06-2015,65.300003,65.349998,62.349998,63.849998,3762655
05-06-2015,63.599998,65.199997,63,63.450001,2411977
08-06-2015,63.200001,63.400002,59.700001,61,4997659
09-06-2015,61.400002,62.349998,60.900002,61.849998,3132726
10-06-2015,61.900002,62.950001,61.849998,62.400002,1889987
11-06-2015,62.650002,62.849998,59.900002,60.150002,3489708
12-06-2015,60.299999,60.799999,58.700001,59.900002,3234326
15-06-2015,60,62.799999,59.799999,60.799999,3906978
16-06-2015,60.799999,61.700001,60.200001,61.450001,2980927
17-06-2015,61.599998,62.200001,61.25,61.450001,1873547
18-06-2015,61.75,62.400002,61.400002,61.75,2283544
19-06-2015,62,62.5,61.700001,62.049999,2172684
22-06-2015,62.150002,64.400002,62.099998,63.849998,2868610
23-06-2015,64.75,65.400002,63.75,64.150002,2782167
24-06-2015,64.650002,64.650002,62.599998,62.950001,2561177
25-06-2015,62.75,63.299999,62.200001,62.75,3569489
26-06-2015,62.5,62.650002,60.799999,62.049999,2474889
29-06-2015,60.799999,61.099998,59.299999,60.599998,3054460
30-06-2015,60.5,61.099998,59.900002,60.700001,1949941
01-07-2015,60.700001,63.799999,60.700001,62.900002,3388287
02-07-2015,63.099998,63.450001,62.099998,62.400002,2952256
03-07-2015,62.349998,62.849998,62.049999,62.450001,1760080
06-07-2015,61.099998,65.5,61.099998,65.25,4934992
07-07-2015,65.25,66.400002,64.5,65.300003,3194043
08-07-2015,64.099998,64.650002,62.200001,63,3472333
09-07-2015,63.900002,65.349998,63.700001,64.449997,4497481
10-07-2015,65.300003,65.400002,64.300003,65,2519548
13-07-2015,65.199997,66.650002,64.449997,66.050003,2546014
14-07-2015,66.199997,66.599998,65.300003,65.550003,1687119
15-07-2015,65.550003,66.449997,65,65.300003,1539572
16-07-2015,65.300003,67.599998,65.300003,66.849998,2903811
17-07-2015,66.5,67.199997,66.150002,66.5,1845308
20-07-2015,67,67,64.699997,65.150002,1827971
21-07-2015,64.900002,65.400002,63.099998,63.450001,1429023
22-07-2015,63.5,64.650002,63,64.349998,1447509
23-07-2015,64.800003,64.949997,63.599998,64.150002,1405073
24-07-2015,64.25,64.25,62.299999,62.650002,1960038
27-07-2015,62.5,62.75,59.349998,59.650002,2899058
28-07-2015,60,60.900002,58.400002,60,3429803
29-07-2015,60,60.400002,58.549999,59.200001,2634058
30-07-2015,59.400002,62.299999,59.299999,62,3986619
31-07-2015,62.5,66.800003,61.799999,65.75,8395570
03-08-2015,66.150002,68.949997,65.300003,68.300003,4783366
04-08-2015,67.75,68.699997,66.300003,68.099998,5265416
05-08-2015,68.199997,69.449997,67.5,67.650002,3829307
06-08-2015,67.800003,69.199997,67,68.550003,3395198
07-08-2015,67.800003,68.25,66.5,67.050003,2503107
10-08-2015,67,67.800003,66.050003,66.349998,1778445
11-08-2015,66.5,66.900002,64.5,64.949997,2472453
12-08-2015,64.199997,65.5,61.799999,62.299999,4786333
13-08-2015,62.900002,64,62.400002,62.650002,2554238
14-08-2015,63.200001,66.400002,62.799999,66.199997,3498800
17-08-2015,67,71.150002,67,70.75,9725462
18-08-2015,71,72,69.099998,70.150002,4915365
19-08-2015,70,70.900002,68.599998,69.550003,3236868
20-08-2015,69,69.699997,66.099998,66.449997,3831637
21-08-2015,65.5,67.5,63,67.099998,3481935
24-08-2015,64.5,64.849998,54.299999,57.099998,6218832
25-08-2015,58.900002,59.700001,52.299999,56.099998,7096715
26-08-2015,55.799999,58,53.549999,56.049999,5451506
27-08-2015,57.900002,59.099998,56.799999,58.75,5132548
28-08-2015,60.200001,61.549999,57.650002,58.549999,3984689
31-08-2015,58.5,61.700001,58.099998,60.900002,5894898
01-09-2015,60.099998,60.349998,56.299999,57.049999,4579108
02-09-2015,57.900002,57.950001,56,56.450001,2780085
03-09-2015,57.25,59,57,58.450001,3706923
04-09-2015,57.950001,58,54.200001,55.549999,4067914
07-09-2015,55.799999,56.599998,53.75,53.950001,2617510
08-09-2015,54.400002,56.450001,52.950001,55.5,4478178
09-09-2015,56.450001,57.200001,55.900002,56.349998,2859549
10-09-2015,55.799999,55.950001,54.049999,55.549999,3351991
11-09-2015,56.900002,57,55.549999,56.099998,2479912
14-09-2015,56.5,58,55.799999,57.75,2143292
15-09-2015,57.200001,58.150002,56.5,56.650002,2323561
16-09-2015,57.299999,57.5,56.5,56.849998,1315020
18-09-2015,56.849998,60.099998,56.849998,59.700001,5333724
21-09-2015,60,70.400002,59.299999,69.550003,30186587
22-09-2015,70.449997,70.599998,66.300003,66.849998,14188186
23-09-2015,66.300003,75.400002,65.599998,73.050003,37608068
24-09-2015,73.150002,75.25,72.199997,73.900002,19787958
28-09-2015,73.900002,80.949997,73.900002,79.099998,36143307
29-09-2015,77.949997,83,77.150002,81.5,41360446
30-09-2015,82.599998,82.599998,77.349998,78.75,20709132
01-10-2015,80.400002,81.300003,77.599998,79.400002,21140616
05-10-2015,79.400002,81.550003,79.400002,80,8405002
06-10-2015,80.099998,82,78,80.900002,12219332
07-10-2015,79.949997,81.75,79.199997,80.050003,8305746
08-10-2015,80,80.949997,78.849998,79.449997,6506590
09-10-2015,80.199997,80.800003,78.25,78.900002,5069394
12-10-2015,75.900002,78.349998,75.099998,77.199997,8111583
13-10-2015,77,78.099998,76.599998,77.300003,4558948
14-10-2015,77.25,77.5,75.300003,75.650002,4652926
15-10-2015,76.400002,77.849998,76.199997,77.150002,3492511
16-10-2015,77.5,80.699997,76.5,79.849998,7017877
19-10-2015,79.849998,83.900002,78.150002,83.199997,16289003
20-10-2015,83.5,86.599998,83.449997,85.050003,15874302
21-10-2015,85.300003,85.699997,82.699997,84.050003,6929581
23-10-2015,84.050003,85.150002,83.75,84.099998,4285723
26-10-2015,84.099998,85.400002,82.400002,84.699997,5525592
27-10-2015,84.150002,87.400002,84.150002,86.25,7665444
28-10-2015,87.099998,88.25,84.599998,86.099998,8135870
29-10-2015,86.400002,89.599998,86,89.150002,9465970
30-10-2015,89.599998,89.800003,85.099998,85.650002,6000973
02-11-2015,85.75,86.699997,83.599998,85.800003,4451267
03-11-2015,86.349998,87,84.25,84.550003,3243051
04-11-2015,85.300003,85.699997,81.849998,84.800003,14456585
05-11-2015,85.800003,85.849998,82.599998,84.800003,7898294
06-11-2015,84.5,86,83.400002,84.599998,4462561
09-11-2015,81.75,85.449997,81.75,84.800003,3739170
10-11-2015,84,89.449997,83.800003,87.699997,12334163
13-11-2015,87.699997,88.300003,85.300003,85.949997,3958349
16-11-2015,86,88.5,85.300003,88.150002,4686765
17-11-2015,88.5,88.849998,86.199997,86.5,3143908
18-11-2015,86.599998,87.300003,82.300003,83,5708375
19-11-2015,83.699997,85.099998,81.800003,84.449997,4672465
20-11-2015,84.300003,85.800003,83.550003,84.449997,3368462
23-11-2015,84.800003,85.199997,83.400002,83.75,2435568
24-11-2015,84,84.400002,80.300003,82,4471100
26-11-2015,82,83.75,82,83.150002,2868180
27-11-2015,84.050003,87.300003,83.25,86.349998,8136987
30-11-2015,87.5,95.099998,86.900002,93.550003,34782999
01-12-2015,95,95.449997,93,93.349998,10219146
02-12-2015,93.550003,93.949997,91.849998,92.449997,5018322
03-12-2015,92.5,95.699997,91.650002,93.150002,7649722
04-12-2015,92.900002,93.599998,90.800003,91.25,3979537
07-12-2015,91.5,92.599998,90.150002,91.900002,3760893
08-12-2015,91.75,92.550003,87.199997,88.199997,4894174
09-12-2015,88.25,88.449997,83.199997,84.25,6177788
10-12-2015,84.800003,85.900002,82.599998,85.050003,5688083
11-12-2015,85.449997,85.449997,81.449997,82.449997,5606374
14-12-2015,82.900002,83.800003,81.699997,83.050003,3632979
15-12-2015,83.400002,83.900002,81.199997,82.25,3239411
16-12-2015,82.650002,83.699997,82,82.349998,3088573
17-12-2015,84.699997,87.949997,83.5,87.449997,14974954
18-12-2015,87.5,91.900002,86.550003,89.150002,22016679
21-12-2015,90.050003,93.25,90.050003,91.150002,12329574
22-12-2015,91.849998,92.599998,88.25,88.949997,7488286
23-12-2015,90,90.5,89,89.25,3700187
24-12-2015,89.699997,89.75,86.75,87.75,6631419
28-12-2015,87.75,91.400002,87.75,90.300003,6125683
29-12-2015,90.5,90.550003,89.199997,89.75,4044240
30-12-2015,91.199997,92,90.050003,90.300003,6583839
31-12-2015,90.800003,91.199997,88.400002,88.849998,6807124
01-01-2016,91,91.199997,89.349998,89.900002,4679866
04-01-2016,89.5,89.599998,82,84.849998,8245651
05-01-2016,85.449997,85.800003,83,83.900002,5178777
06-01-2016,83.900002,85.050003,82.400002,82.900002,6229826
07-01-2016,81.349998,81.349998,77,77.699997,8469844
08-01-2016,78.800003,79.849998,77,78.050003,5976669
11-01-2016,77.800003,77.800003,74.800003,76.550003,5592218
12-01-2016,76.949997,77.400002,73.25,73.75,4401913
13-01-2016,75,75.300003,67.400002,70.300003,11337934
14-01-2016,66.650002,68.400002,64.349998,66.099998,23017806
15-01-2016,66.5,66.599998,60,60.799999,14912011
18-01-2016,60.75,61.049999,54.849998,55.549999,13903154
19-01-2016,55.799999,58.5,54.549999,57.900002,11209903
20-01-2016,56.5,56.5,53.950001,55.25,9801278
21-01-2016,56.400002,58.299999,55.5,57.700001,10085730
22-01-2016,58.200001,60.950001,58,60.099998,7712102
25-01-2016,61.049999,61.400002,58.150002,59.099998,5522142
27-01-2016,59.099998,60.299999,57.549999,58.950001,7070901
28-01-2016,58.849998,60.950001,58.099998,59.849998,9668466
29-01-2016,59.599998,59.900002,58.099998,58.700001,5525979
01-02-2016,60,60.400002,58.099998,58.450001,4240721
02-02-2016,58.799999,61,58.400002,59.450001,7885621
03-02-2016,58.349998,58.400002,56.650002,57.099998,3844282
04-02-2016,57.700001,58.400002,55.400002,55.799999,3917441
05-02-2016,55.799999,57.700001,55.400002,57,4126986
08-02-2016,57.5,58.799999,56.599998,56.900002,5555948
09-02-2016,56,56.549999,55.400002,55.650002,4260822
10-02-2016,55.599998,55.599998,52.450001,53.799999,7495602
11-02-2016,53.5,53.5,51.5,51.849998,5205538
12-02-2016,51.349998,53.799999,47.25,51.549999,6940875
15-02-2016,50.299999,54.900002,50.299999,53.650002,5724589
16-02-2016,54.299999,54.799999,52,52.400002,3712201
17-02-2016,52.25,53.5,50.299999,52.700001,3097471
18-02-2016,53.450001,54.450001,52.200001,53.400002,3718233
19-02-2016,53.5,55.400002,53.049999,54.900002,4645603
22-02-2016,55.5,57.25,55.200001,56.900002,5469272
23-02-2016,56.900002,57.400002,55.099998,55.700001,4182394
24-02-2016,55.400002,57.900002,54.700001,56.5,6278735
25-02-2016,56.599998,57.5,55.549999,56.25,4257901
26-02-2016,57.299999,57.799999,55.099998,55.599998,4075827
29-02-2016,56.200001,64.800003,56,58.549999,34155505
01-03-2016,60,61.650002,58.299999,59.5,18463130
02-03-2016,61.5,64.75,61.5,64.099998,18158110
03-03-2016,64.900002,65.949997,62.049999,65.349998,12370357
04-03-2016,65.449997,69.650002,63.599998,68.150002,15971797
08-03-2016,68.150002,70.300003,66.400002,68.849998,10724894
09-03-2016,67.699997,68.699997,66.5,68.150002,7417905
10-03-2016,68.449997,68.949997,65.050003,65.949997,7388812
11-03-2016,64,65.550003,63.599998,65.099998,9098217
14-03-2016,66.199997,66.699997,63.700001,64.25,4850322
15-03-2016,64,65.699997,63.349998,65.050003,4473237
16-03-2016,64.5,66.099998,63.700001,65.650002,4284583
17-03-2016,66.699997,67.75,65.75,66.550003,5616719
18-03-2016,67.099998,67.5,66.199997,67.199997,3540671
21-03-2016,69.150002,71.199997,68.550003,70.300003,11885793
22-03-2016,70.300003,70.650002,68.199997,69.099998,5067063
23-03-2016,68.900002,72.25,68.150002,70.800003,13281441
28-03-2016,70.800003,71.25,67.449997,68.199997,4884829
29-03-2016,69,70.599998,67.599998,68.199997,6570477
30-03-2016,68.699997,70.150002,68,69.400002,4800130
31-03-2016,69.900002,71,69.050003,69.400002,8441261
01-04-2016,70.75,72.900002,70,72.650002,8669914
04-04-2016,73,73.150002,70.300003,71.199997,5346004
05-04-2016,70.900002,71.599998,67.75,68.150002,7076931
06-04-2016,68.099998,68.900002,66.550003,67.349998,4042618
07-04-2016,67.349998,69.25,66.550003,67.650002,5317184
08-04-2016,67.599998,68.199997,66.75,67.199997,4508517
11-04-2016,67.599998,68.349998,66.849998,68.099998,3565181
12-04-2016,68.550003,70.050003,67.400002,69.349998,5501645
13-04-2016,70.5,71.400002,69.550003,69.849998,5323636
18-04-2016,69.849998,72.349998,68.050003,71.349998,8227883
20-04-2016,71.349998,72.650002,70.300003,71.900002,5654214
21-04-2016,73.050003,74,71.5,72.349998,6871102
22-04-2016,71.949997,73.25,71.449997,72.5,4350300
25-04-2016,72.800003,72.800003,70.5,71.099998,2938400
26-04-2016,70.900002,71.800003,69.5,71.050003,5712895
27-04-2016,71.5,71.900002,70.5,70.900002,2999732
28-04-2016,71.199997,71.5,69.349998,69.650002,4633579
29-04-2016,69.900002,70.449997,67.150002,69.349998,5454235
02-05-2016,69,69.25,68.099998,68.599998,2649424
03-05-2016,68.949997,70.099998,67.599998,67.800003,3134680
04-05-2016,67.400002,68.400002,66.550003,66.900002,3554785
05-05-2016,67.199997,67.449997,65,66.199997,4012450
06-05-2016,66.199997,68.949997,65.849998,67.75,4717812
09-05-2016,67.699997,69.650002,67.699997,69.300003,2904691
10-05-2016,69.050003,69.599998,68.050003,69.150002,2782249
11-05-2016,66.300003,69.050003,66.300003,67.75,2860168
12-05-2016,68.5,69,67.699997,68.300003,2015436
13-05-2016,68,68.449997,65.349998,65.599998,3637967
16-05-2016,65.900002,66,63.099998,63.799999,3551333
17-05-2016,64.400002,65.449997,63.25,64.599998,2973601
18-05-2016,64.099998,65.900002,63.75,65.550003,3671966
19-05-2016,66.349998,66.650002,64.099998,64.349998,3729964
20-05-2016,65.099998,65.699997,63.650002,64.099998,3869003
23-05-2016,63.200001,66.349998,63.049999,64.449997,6640132
24-05-2016,64.400002,65.099998,63.799999,64.199997,2304769
25-05-2016,64.900002,65.699997,64.5,65.400002,3112526
26-05-2016,65.5,65.949997,64.650002,65.599998,3552639
27-05-2016,65.849998,68.349998,65.75,67.449997,4361457
30-05-2016,68.199997,68.699997,66.599998,67.449997,2433223
31-05-2016,67.449997,68.300003,65.5,67.900002,7191694
01-06-2016,68.050003,68.449997,65.699997,65.949997,3682664
02-06-2016,65.599998,67.349998,64.949997,67,3296806
03-06-2016,67.400002,67.650002,63.900002,64.150002,4309118
06-06-2016,64.5,65.5,63.799999,64.900002,3161994
07-06-2016,65.300003,66.349998,64.5,65.800003,4044411
08-06-2016,65.699997,67.699997,65.349998,67.449997,3953693
09-06-2016,67.400002,68.699997,66.5,67.650002,4733960
10-06-2016,67.5,68,65.849998,66.150002,3359173
13-06-2016,65.949997,67.900002,65.75,66.449997,6553693
14-06-2016,66.949997,70.150002,66.849998,69.800003,9393464
15-06-2016,70.949997,71.699997,70,70.699997,9544047
16-06-2016,70.650002,71.400002,68.599998,71.050003,6150405
17-06-2016,71.699997,72.75,70.849998,71.5,6783981
20-06-2016,70.150002,72.150002,69.5,71.300003,4255772
21-06-2016,71.400002,71.849998,70.349998,70.75,3228042
22-06-2016,70.75,71.300003,69.599998,69.900002,4190714
23-06-2016,69.900002,70.300003,68.599998,69.699997,3820255
24-06-2016,67.5,67.5,63.150002,66.050003,11803108
27-06-2016,66.5,68.099998,65.650002,67.650002,5047272
28-06-2016,67.5,68.75,67.150002,68.099998,3154375
29-06-2016,68.400002,69.699997,68.099998,69.099998,3646256
30-06-2016,69.5,70.5,69.449997,69.800003,4284576
01-07-2016,70.300003,72.150002,70.099998,71.050003,4974288
04-07-2016,71.300003,75.599998,71.300003,75.25,11710518
05-07-2016,75.550003,77.349998,75.400002,76.800003,12305096
07-07-2016,76.800003,76.800003,74.400002,74.900002,4596042
08-07-2016,74.599998,75.25,72.900002,74.800003,6246414
11-07-2016,76.099998,76.800003,75.599998,76.25,4142278
12-07-2016,76.800003,77.5,74.849998,76.099998,4262464
13-07-2016,76.349998,76.400002,73.599998,74.25,3825849
14-07-2016,74.449997,77.099998,74,76.199997,5780748
15-07-2016,76.5,76.75,74.349998,74.550003,4974005
18-07-2016,75,75.650002,72.599998,72.900002,3966408
19-07-2016,73.400002,74.5,72.900002,73.550003,4282064
20-07-2016,73.650002,74.449997,73.349998,73.699997,2305862
21-07-2016,73.849998,74,71.099998,71.75,3985441
22-07-2016,71.699997,72.75,70.800003,71.849998,3469079
25-07-2016,72,74.400002,71.400002,74.099998,4655548
26-07-2016,74.5,76.699997,73.150002,73.75,9789770
27-07-2016,73,74.75,71.699997,71.849998,5350309
28-07-2016,72.550003,72.599998,69.900002,70.150002,6026563
29-07-2016,70.300003,71.099998,69.5,69.849998,3676026
01-08-2016,70.550003,70.900002,67.699997,68.099998,4720655
02-08-2016,68.5,69.449997,68.050003,68.849998,3323440
03-08-2016,68.75,69.599998,68,68.25,2522257
04-08-2016,69,69,67.699997,68.199997,3029852
05-08-2016,68.800003,69.699997,68.75,69.5,2624219
08-08-2016,70,70.150002,68.25,68.449997,2190504
09-08-2016,68.75,69.25,67.900002,68.300003,2931948
10-08-2016,68.650002,68.75,66.300003,66.800003,2928063
11-08-2016,66.699997,69,65.300003,68.400002,10753113
12-08-2016,68.949997,70.099998,67.550003,68.349998,5929149
16-08-2016,68.349998,68.900002,67.349998,67.949997,2068734
17-08-2016,68,68.800003,67.800003,68.150002,1855201
18-08-2016,68.900002,69.25,68.400002,69,2394705
19-08-2016,69.849998,71.75,69.449997,71.099998,6279293
22-08-2016,72,72.199997,70.599998,71.150002,3368891
23-08-2016,71.300003,72.300003,70.699997,72.050003,3872549
24-08-2016,72,72.75,71.550003,71.900002,3038534
25-08-2016,74,77.900002,69.550003,75.25,46752185
26-08-2016,72.849998,73.400002,70.050003,70.449997,12726900
29-08-2016,70.199997,70.949997,69.400002,70.5,4021066
30-08-2016,70.699997,72.849998,70.699997,72.400002,6017223
31-08-2016,74.199997,74.349998,72.599998,72.900002,7125214
01-09-2016,72.699997,73,71.099998,71.650002,4304247
02-09-2016,71.699997,73.050003,71.5,72.800003,3508124
06-09-2016,72.800003,74.050003,72.800003,73.400002,2801674
07-09-2016,73.25,75.800003,72.900002,74.849998,7901358
08-09-2016,75,76.400002,74.5,75.800003,5497284
09-09-2016,76.900002,80.800003,76.199997,79.5,28220584
12-09-2016,78,79.5,75.150002,75.599998,8971653
14-09-2016,75.599998,78.25,75.25,77.699997,6138734
15-09-2016,77.699997,77.849998,76.050003,76.300003,4299479
16-09-2016,76.5,78.150002,75,75.25,10553090
19-09-2016,76.449997,76.900002,75.25,75.5,3461815
20-09-2016,75.849998,75.849998,73.25,73.949997,5366996
21-09-2016,74,74.650002,72.25,72.650002,4070199
22-09-2016,75.5,75.75,74.050003,74.650002,6676555
23-09-2016,74.550003,74.900002,73.300003,73.5,3905128
26-09-2016,73.199997,73.550003,71.5,71.800003,4316959
27-09-2016,71.849998,72.400002,70.5,70.699997,4722571
28-09-2016,70.800003,72.900002,70.400002,72.550003,5278096
29-09-2016,72.699997,73.349998,66.449997,67,17085264
30-09-2016,67.199997,69.349998,67,68.699997,5170084
03-10-2016,69.800003,71.25,69.199997,71.050003,4097722
04-10-2016,71.900002,72.5,70.849998,72.150002,5323468
05-10-2016,72.849998,72.849998,70.949997,71.199997,3051847
06-10-2016,71.25,71.75,69.050003,69.75,3209514
07-10-2016,72.099998,73.550003,71.25,71.800003,13677818
10-10-2016,72.199997,72.349998,70.900002,71.050003,2420111
13-10-2016,71.050003,71.050003,68.099998,69,4277686
14-10-2016,69.900002,69.900002,68.5,68.949997,2926848
17-10-2016,70,70.599998,68.300003,68.599998,4421639
18-10-2016,69.099998,70.400002,68.699997,70.199997,3277633
19-10-2016,71.199997,73.400002,71.199997,72.849998,8839935
20-10-2016,73.5,74.150002,72.900002,73.849998,5560541
21-10-2016,73.650002,76.900002,73.050003,76.550003,10253619
24-10-2016,76.400002,77.900002,75.599998,76.550003,6694467
25-10-2016,76.550003,77.550003,73.050003,74.300003,10204827
26-10-2016,72.599998,75.900002,72.599998,74.550003,5668601
27-10-2016,73.599998,75.25,72,74.550003,6935148
28-10-2016,74.599998,75.150002,73.300003,73.550003,2641658
01-11-2016,73.550003,74.300003,72.599998,72.849998,2344192
02-11-2016,72,72.199997,70,70.150002,3296477
03-11-2016,70.25,71.150002,69.300003,69.5,2319762
04-11-2016,70,70.099998,68.300003,68.599998,2823770
07-11-2016,69.25,70.949997,69.199997,70.25,2352351
08-11-2016,70.800003,70.800003,69.050003,69.699997,1896015
09-11-2016,65.150002,70.400002,62.75,69.449997,8257665
10-11-2016,71.699997,74.150002,71.099998,72.5,7162112
11-11-2016,71.650002,75.349998,70.650002,71.449997,6416611
15-11-2016,71.449997,73.300003,70,70.75,5325986
16-11-2016,72,72.349998,69.300003,70.849998,3565212
17-11-2016,71,71.75,69.849998,70.150002,2174949
18-11-2016,70.650002,72.5,69.550003,71.650002,4048399
21-11-2016,72.900002,72.900002,67.800003,68.050003,3854899
22-11-2016,68.5,68.949997,66.150002,67.699997,4011356
23-11-2016,68.699997,68.900002,67.400002,68.25,2592376
24-11-2016,67.900002,69.199997,66.349998,66.800003,6091568
25-11-2016,67.75,68.25,67.099998,67.949997,3060133
28-11-2016,67.099998,68.5,66.5,67.75,2167402
29-11-2016,67.900002,68.599998,67.5,68,1489655
30-11-2016,68.099998,69.449997,68.099998,69.199997,2219119
01-12-2016,69.449997,69.800003,68.199997,68.550003,1544450
02-12-2016,68.199997,68.75,67.300003,67.800003,1978473
05-12-2016,67.800003,68.349998,67.050003,68.099998,1972020
06-12-2016,68.699997,68.800003,68.099998,68.25,1188735
07-12-2016,68.5,69.150002,66.800003,67.650002,2050051
08-12-2016,68.150002,68.949997,67.900002,68.650002,1326806
09-12-2016,69,72.400002,68.349998,71.900002,6399067
12-12-2016,72.449997,72.5,70.199997,70.550003,2789187
13-12-2016,70.650002,71,69.650002,70.800003,1616588
14-12-2016,71,71,69.650002,69.900002,1309651
15-12-2016,69.150002,71.400002,69.150002,70.550003,2290769
16-12-2016,70.650002,70.900002,69.900002,70.400002,1299291
19-12-2016,70.300003,70.849998,69.699997,70.199997,1270701
20-12-2016,70.5,70.599998,67.800003,68.25,2076701
21-12-2016,68.5,68.849998,67.849998,68.099998,1303018
22-12-2016,67.5,68.150002,67.099998,67.849998,1555137
23-12-2016,67.800003,68.800003,67.400002,67.800003,1571788
26-12-2016,67.699997,68,65.75,65.949997,1462875
27-12-2016,65.849998,67.25,65.300003,67,1436413
28-12-2016,67.300003,67.900002,66.550003,67,1972871
29-12-2016,70.050003,70.25,68.25,69.349998,6604996
30-12-2016,69.599998,69.849998,68.949997,69.400002,2274623
02-01-2017,69.5,69.900002,68.099998,69,1656916
03-01-2017,69,70.099998,68.550003,69.849998,2455373
04-01-2017,69.800003,70.599998,69.400002,69.949997,1824059
05-01-2017,70.199997,71.5,70.199997,71.25,2112223
06-01-2017,71.5,71.949997,70.949997,71.099998,1735304
09-01-2017,71.199997,74.800003,70.849998,74.150002,5294615
10-01-2017,74.699997,75.300003,72.949997,73.449997,3746660
11-01-2017,73.699997,74.949997,73.550003,74.150002,2912815
12-01-2017,74.300003,75.599998,73.300003,74.449997,3529473
13-01-2017,74.5,74.949997,72.800003,73.650002,2132288
16-01-2017,73.699997,74.900002,73.400002,74.400002,1463717
17-01-2017,74.800003,75,73.449997,74,1380158
18-01-2017,74,74.849998,73.650002,74.099998,1247024
19-01-2017,74.349998,77.199997,73.699997,76.550003,8445909
20-01-2017,76.099998,77.349998,73.849998,74.300003,3487016
23-01-2017,74.099998,76.449997,73.900002,76.099998,2581751
24-01-2017,75.400002,76.800003,74.300003,76.349998,4639629
25-01-2017,76.5,80.5,76.050003,80,8479327
27-01-2017,80,80.849998,78.650002,79.050003,3398465
30-01-2017,78.650002,79.800003,77.650002,78.75,2432986
31-01-2017,78.5,79.050003,76.5,77.25,1761635
01-02-2017,77.5,80.75,76.550003,80.150002,4567696
02-02-2017,80.449997,83.75,78.550003,82.75,8699420
03-02-2017,82.75,85.900002,82.5,85.150002,7123209
06-02-2017,86.099998,86.400002,82.800003,83.550003,5161739
07-02-2017,83.599998,85.300003,79.949997,81.75,16775147
08-02-2017,81.199997,83.25,80.650002,82.75,5758291
09-02-2017,82.550003,83.900002,80.900002,82.599998,4878152
10-02-2017,83,83.199997,81.400002,82,3295809
13-02-2017,82.599998,82.849998,79.699997,81.550003,2587707
14-02-2017,81.099998,85.25,80,84.199997,9115740
15-02-2017,84.699997,84.699997,80.300003,81,5189575
16-02-2017,81,81.900002,80,80.900002,3879959
17-02-2017,81.5,82.099998,80.699997,81.150002,3111284
20-02-2017,81.099998,82.75,81,82.349998,3476034
21-02-2017,82.949997,83.599998,81.599998,82.900002,7529824
22-02-2017,82.800003,82.949997,81.099998,81.699997,2750762
23-02-2017,82.849998,82.900002,81.300003,81.650002,3637663
27-02-2017,81.650002,81.650002,78.199997,78.900002,3307243
28-02-2017,78.599998,80.099998,78.050003,79.550003,2910928
01-03-2017,80,80.800003,79.449997,79.849998,2106593
02-03-2017,80.099998,80.650002,76.75,77.150002,3490645
03-03-2017,76.699997,77.5,76.050003,77.099998,2562500
06-03-2017,77.699997,78.050003,77,77.550003,1595067
07-03-2017,77.5,77.900002,77.050003,77.599998,1555122
08-03-2017,77.800003,78.400002,75.5,75.949997,2138613
09-03-2017,75.599998,76.400002,75.300003,75.599998,2852090
10-03-2017,75.699997,77.050003,75.25,75.800003,2554216
14-03-2017,75.800003,77.5,75.800003,76.150002,2251994
15-03-2017,76.150002,77.75,75.699997,76.050003,3852840
16-03-2017,76.550003,77.099998,76,76.900002,3776683
17-03-2017,77.050003,77.300003,75.599998,75.949997,2506620
20-03-2017,77.699997,78.900002,76.099998,77.800003,6296782
21-03-2017,78,78.849998,76.550003,77.349998,5643724
22-03-2017,77,77.5,75.400002,75.599998,4519279
23-03-2017,76,76.300003,74.599998,75.199997,4039203
24-03-2017,74,76.449997,73.300003,75.699997,10031186
27-03-2017,75.449997,76.300003,74.599998,74.900002,3962814
28-03-2017,75.449997,76.199997,75.050003,75.75,2193775
29-03-2017,76.5,76.599998,75.599998,75.900002,3418960
30-03-2017,75.900002,76.400002,74.25,74.5,7124527
31-03-2017,74.75,75.849998,74.050003,75.099998,4812786
03-04-2017,75.599998,76.199997,75.550003,75.900002,2069481
05-04-2017,75.900002,78.099998,75.5,77.099998,5114634
06-04-2017,77.150002,77.699997,76.050003,76.5,3739782
07-04-2017,76.300003,77.150002,75,75.25,2689948
10-04-2017,75.5,75.699997,74.599998,75.099998,2454870
11-04-2017,75,76.349998,75,76,2875864
12-04-2017,76.5,76.699997,74.849998,75.099998,2439307
13-04-2017,75.050003,75.699997,73.199997,73.849998,3778899
17-04-2017,73.849998,74,72.5,72.800003,3036349
18-04-2017,72.949997,74.449997,71.75,72.699997,3675777
19-04-2017,72.5,72.5,71.150002,71.849998,3282637
20-04-2017,71.5,73.150002,71.5,72.300003,2240914
21-04-2017,72.599998,72.949997,71.75,72.199997,1834160
24-04-2017,72.900002,74.099998,72.5,73.849998,2519210
25-04-2017,73.949997,74.5,73.650002,74.099998,1827193
26-04-2017,74.5,75.449997,73.699997,74.5,2854506
27-04-2017,74.25,75.650002,73.800003,74.800003,11396249
28-04-2017,74.75,78.800003,74.5,78.099998,13363165
02-05-2017,78.099998,78.900002,76.199997,77.449997,4982458
03-05-2017,77.449997,81.199997,76.599998,79.400002,8858240
04-05-2017,80.849998,82.300003,80.400002,81.349998,8265183
05-05-2017,81.800003,82.699997,77.25,78.349998,9597378
08-05-2017,78.599998,79.949997,77.75,79.150002,4283263
09-05-2017,79.050003,82.5,77.75,82,12373196
10-05-2017,80.099998,80.900002,77.550003,78,10024184
11-05-2017,78.550003,79.050003,77.5,77.849998,3899266
12-05-2017,78.099998,78.199997,75.150002,75.5,4934977
15-05-2017,75.699997,76.099998,73.150002,75.050003,6688622
16-05-2017,75.300003,77.75,73.849998,76.650002,8740098
17-05-2017,76.650002,77.300003,75.599998,75.949997,3152912
18-05-2017,75,75.5,69.050003,69.949997,15086266
19-05-2017,69,70.949997,68.5,68.75,10966153
22-05-2017,69,69.599998,65.75,66.199997,5762847
23-05-2017,66.5,66.5,63.75,64.900002,7617161
24-05-2017,63.5,63.950001,60.25,61,14391668
25-05-2017,61.5,62.299999,60.349998,61.700001,7624403
26-05-2017,62.400002,63.450001,62.049999,62.650002,5662009
29-05-2017,62.700001,63,60,60.150002,3830318
30-05-2017,59.299999,61.25,58.799999,60.75,4463073
31-05-2017,60.799999,61,59.299999,60,4105571
01-06-2017,59.549999,61.099998,59.450001,60.75,3045916
02-06-2017,61.450001,61.5,60.099998,60.950001,3132336
05-06-2017,60.900002,61.450001,60.400002,60.75,1960528
06-06-2017,60.75,61.049999,59.25,59.849998,2537684
07-06-2017,59.900002,60.5,59.799999,60.200001,2025835
08-06-2017,60.299999,60.549999,59.25,59.400002,2133559
09-06-2017,59.099998,60.25,58.75,59.900002,2050990
12-06-2017,59.099998,59.75,58.099998,58.299999,2714012
13-06-2017,58.299999,58.700001,57.099998,57.400002,2311430
14-06-2017,57.450001,60.700001,57.049999,60.049999,6391227
15-06-2017,59.75,60.349998,59.150002,59.450001,2901441
16-06-2017,59.599998,59.950001,58.75,58.950001,2194461
19-06-2017,59.5,59.599998,56.849998,57.099998,4019409
20-06-2017,57.5,57.599998,55.549999,55.900002,4544041
21-06-2017,55.549999,57.5,55.549999,56.900002,4282137
22-06-2017,57.299999,57.599998,56.75,56.950001,2407457
23-06-2017,56.950001,57,55.549999,56.25,2511967
27-06-2017,56.25,56.25,54.549999,55.150002,3242098
28-06-2017,55,55.400002,53.799999,54.049999,5005534
29-06-2017,54.200001,54.75,53.200001,53.400002,6224586
30-06-2017,53.650002,54.450001,53.150002,53.5,5002487
03-07-2017,53.849998,54.200001,53.25,53.950001,2799644
04-07-2017,54,54.400002,53.25,53.5,2543785
05-07-2017,53.549999,56.099998,53.5,55.5,5838498
06-07-2017,55.849998,57.549999,55.5,57.400002,6431671
07-07-2017,57,57.700001,56.25,56.349998,3478555
10-07-2017,57.25,58.299999,56.599998,58.099998,1293824
11-07-2017,58.099998,58.450001,56,56.349998,2663844
12-07-2017,56.5,57.200001,56.150002,57,2234888
13-07-2017,57.099998,57.5,56.700001,56.950001,2007978
14-07-2017,56.950001,57.299999,56.099998,57.150002,2564303
17-07-2017,57.150002,58.200001,56.799999,58.049999,2329022
18-07-2017,58,58.900002,57.599998,57.849998,4739436
19-07-2017,57.950001,58.299999,57.650002,58,1999656
20-07-2017,58.049999,58.75,57.650002,58.450001,2092455
21-07-2017,58.099998,59.5,58.049999,59.150002,3529281
24-07-2017,59.400002,61.099998,59.099998,60.700001,3916478
25-07-2017,60.650002,61.950001,60.200001,61.75,3525771
26-07-2017,61.700001,62.75,61.5,62.200001,3397350
27-07-2017,62.400002,62.799999,59.25,59.450001,3520664
28-07-2017,59,60.150002,57.150002,59.25,2434923
31-07-2017,59.25,59.950001,58,59.450001,2672853
01-08-2017,59.700001,60.75,58.5,59.650002,3147048
02-08-2017,59.5,60.400002,59,59.25,2693077
03-08-2017,59.299999,59.5,56.400002,56.650002,3053102
04-08-2017,56.599998,57.549999,56.349998,57,1966652
07-08-2017,57,57.549999,56.75,57.150002,1115660
08-08-2017,57.099998,57.450001,55.5,55.75,2974699
09-08-2017,55.650002,56.700001,54.900002,55.950001,1960714
10-08-2017,55.950001,56.400002,53.150002,53.799999,3142851
11-08-2017,52.900002,54.049999,52.200001,52.650002,3295406
14-08-2017,52.849998,52.900002,50.200001,52.299999,10889090
16-08-2017,52.299999,53.75,51.150002,53.25,5462764
17-08-2017,53.25,54.650002,52.75,53.799999,3613142
18-08-2017,53.849998,55,53.450001,54.299999,4292358
21-08-2017,55,55.599998,53.799999,54.099998,3102663
22-08-2017,54.299999,54.549999,53.450001,53.700001,2456898
23-08-2017,53.950001,55,53.75,54.650002,1998246
24-08-2017,55,55.5,54.200001,55,3192065
28-08-2017,55,56.200001,54.950001,56,1882463
29-08-2017,55.5,56.299999,55.200001,55.450001,2420587
30-08-2017,55.349998,55.75,54.599998,55.299999,4861705
31-08-2017,55.299999,55.5,54.849998,55.099998,2398098
01-09-2017,55.299999,56.5,55.099998,55.349998,2137736
04-09-2017,55.700001,55.799999,54.299999,55,1651068
05-09-2017,55.5,55.75,55.099998,55.549999,1327114
06-09-2017,55.200001,55.549999,54.650002,54.849998,2026110
07-09-2017,55.200001,56.5,54.849998,55.450001,3536621
08-09-2017,55.75,57.200001,54,56.200001,6597403
11-09-2017,56.549999,56.799999,55.950001,56.200001,2419155
12-09-2017,56.400002,57,56.150002,56.549999,1604965
13-09-2017,56.599998,57.200001,55.5,55.75,2117378
14-09-2017,56.049999,56.849998,55.700001,56.650002,1964763
15-09-2017,56.700001,57.5,56.349998,56.599998,3853062
18-09-2017,56.75,58,56.700001,57.200001,2875366
19-09-2017,57.299999,57.349998,56.25,56.650002,2383558
20-09-2017,57,57.200001,56.299999,56.900002,2018817
21-09-2017,56.549999,57,55.75,56.049999,2323449
22-09-2017,55.599998,55.799999,53.650002,54,3519052
25-09-2017,54.200001,54.200001,52.700001,53.150002,2770754
26-09-2017,53.599998,53.700001,52.950001,53.5,2258507
27-09-2017,53.75,53.900002,52,52.200001,2548063
28-09-2017,52.650002,52.849998,52.049999,52.549999,2277800
29-09-2017,52.799999,53.099998,52.200001,52.349998,1280609
03-10-2017,52.349998,52.75,52,52.25,1435273
04-10-2017,52.5,52.599998,52,52.25,1233045
05-10-2017,52.450001,52.599998,51.700001,52.049999,1393670
06-10-2017,52.200001,53.650002,52.200001,53.400002,2221416
09-10-2017,53.599998,53.700001,52.599998,53,1860282
10-10-2017,53.099998,53.400002,52.849998,53.25,997056
11-10-2017,53.299999,53.950001,51.549999,51.849998,2181617
12-10-2017,51.900002,52.599998,51.599998,52.299999,1665514
13-10-2017,52.25,53.450001,52.150002,53.049999,1974101
16-10-2017,52.950001,53.349998,52.400002,52.799999,1184474
17-10-2017,52.599998,53.349998,52.450001,52.849998,1303236
18-10-2017,52.299999,52.75,52.200001,52.400002,1096421
19-10-2017,52.400002,52.450001,51.400002,51.799999,568087
23-10-2017,51.799999,52.150002,51.5,51.799999,1668820
24-10-2017,51.799999,54.549999,51.799999,54.299999,3836276
25-10-2017,59.700001,66.300003,59.150002,65.150002,33266851
26-10-2017,67,73,66.5,67.949997,21120916
27-10-2017,67.699997,67.699997,62,62.349998,8473155
30-10-2017,61.5,66,61.299999,65.300003,8264210
31-10-2017,65.349998,65.650002,61.400002,62.650002,12212419
01-11-2017,62.599998,64.550003,62.450001,63.799999,4742530
02-11-2017,63.799999,68,62.650002,65.849998,8442441
03-11-2017,65.300003,66.050003,64,64.900002,3754816
06-11-2017,64.199997,65.849998,64.099998,64.699997,2861466
07-11-2017,65.25,65.400002,62.099998,62.900002,4512266
08-11-2017,62.900002,64.150002,61.5,61.75,3241279
09-11-2017,62.049999,62.900002,61,62.150002,2779256
10-11-2017,62,64.199997,61.599998,63.799999,4071571
13-11-2017,63.799999,64,60.450001,60.849998,4085627
14-11-2017,60.950001,61.450001,59.150002,60.200001,3956179
15-11-2017,60,61,58.150002,58.700001,2727436
16-11-2017,59,59.700001,57.5,59.400002,3247391
17-11-2017,60.200001,62.450001,59.25,59.599998,4011772
20-11-2017,59.5,61.650002,58.700001,61.200001,3866538
21-11-2017,61.5,61.599998,60.150002,60.700001,3077423
22-11-2017,60.599998,62,59.5,61.75,3494231
23-11-2017,61.75,63.25,61.049999,61.950001,4001819
24-11-2017,61.700001,62.5,61.299999,62.049999,2669917
27-11-2017,61.400002,62.299999,61.099998,62.099998,1485377
28-11-2017,63.5,63.900002,62.25,62.849998,4891357
29-11-2017,62.5,62.849998,61.150002,61.599998,1653779
30-11-2017,61,62.25,60.299999,60.549999,3105655
01-12-2017,60.799999,61.599998,59.25,59.700001,2392493
04-12-2017,59.75,60.700001,59,59.5,1830100
05-12-2017,59.049999,59.549999,58.049999,58.799999,2145668
06-12-2017,59.099998,61,58.349998,59,4651197
07-12-2017,59.799999,60,58.75,59.349998,3050085
08-12-2017,59.599998,59.900002,59,59.450001,1919788
11-12-2017,59.599998,61,59.5,60.700001,1696188
12-12-2017,60.349998,61.349998,59.700001,59.950001,2750064
13-12-2017,59.799999,60,58.099998,58.849998,2202074
14-12-2017,58.799999,59.099998,57.200001,58,1936726
15-12-2017,58.900002,59.549999,58.150002,58.299999,2889446
18-12-2017,56.049999,59.150002,56.049999,58.799999,3064252
19-12-2017,58.900002,59.099998,58.049999,58.650002,1982601
20-12-2017,58.5,59.25,58.25,58.900002,1275104
21-12-2017,58.599998,61.349998,58.5,60.900002,4170916
22-12-2017,60.900002,61.299999,59.299999,59.599998,3411215
26-12-2017,59.599998,60.799999,59,60.450001,2566249
27-12-2017,60.400002,60.900002,59.75,60.049999,2237031
28-12-2017,60.200001,60.950001,59.75,60.349998,3123525
29-12-2017,60.5,61.900002,59.599998,59.849998,3551449
01-01-2018,61.299999,62.25,60.049999,60.349998,3765530
02-01-2018,60.650002,60.849998,59.099998,59.400002,1768985
03-01-2018,59.599998,60.049999,59.25,59.5,1775812
04-01-2018,61,65.449997,60.099998,64.400002,25032575
05-01-2018,65.949997,65.949997,63.349998,63.799999,5704149
08-01-2018,63.75,64.199997,63,63.200001,2418363
09-01-2018,63.5,64.199997,62.150002,63.200001,3925604
10-01-2018,63.099998,63.650002,61.5,62,3888790
11-01-2018,61.900002,62.5,61.349998,61.950001,2026254
12-01-2018,62.049999,62.400002,60.200001,61.049999,3184604
15-01-2018,61.200001,63.400002,61,62.900002,5370375
16-01-2018,62.950001,63.049999,59.049999,59.599998,3808915
17-01-2018,59.049999,61.200001,58.450001,60.849998,4145999
18-01-2018,63.5,63.5,58.799999,60.150002,6589204
19-01-2018,60,61.349998,59.5,60.549999,3092832
22-01-2018,60.599998,61.5,60.349998,61.099998,2249718
23-01-2018,61.299999,62.400002,60.700001,61.900002,3406984
24-01-2018,61.650002,66,60.5,65.349998,10197390
25-01-2018,70,70,64.349998,65.099998,45939715
29-01-2018,65.099998,65.900002,62.099998,62.799999,6300479
30-01-2018,62.200001,62.549999,60.5,60.849998,5390863
31-01-2018,60.900002,62.099998,59.950001,60.450001,5451521
01-02-2018,60,64.800003,58.5,63.650002,15700229
02-02-2018,61.450001,62.450001,58.400002,58.650002,10222631
05-02-2018,58,61,57.099998,60.400002,7114915
06-02-2018,56.049999,58.400002,56,57,7384325
07-02-2018,58.450001,58.849998,56.75,57.700001,5965857
08-02-2018,57.599998,62.349998,57.549999,61.599998,11481495
09-02-2018,59.099998,63.75,59.099998,62.75,7582351
12-02-2018,63.5,69.949997,63.049999,67.550003,26402892
14-02-2018,67.550003,67.75,63.950001,65.449997,12885847
15-02-2018,64.800003,65.949997,62.349998,63.450001,8810348
16-02-2018,64.25,64.800003,60.450001,61.799999,8099023
19-02-2018,62.299999,64.599998,60.700001,63.950001,14326891
20-02-2018,63.849998,67.300003,63.049999,66.449997,11346273
21-02-2018,67.25,71.199997,65.449997,70.300003,19509732
22-02-2018,70.050003,74.900002,69.599998,74.099998,42781210
23-02-2018,73.099998,77.5,73.099998,77.150002,29336696
26-02-2018,77,83.699997,76.199997,78.949997,55707787
27-02-2018,78.5,79.900002,72.199997,73.5,31884586
28-02-2018,72.800003,75.400002,68.199997,74.550003,49500579
01-03-2018,74.300003,80.849998,73.75,80.349998,65150780
05-03-2018,80.349998,91.5,78.75,84.650002,114912682
06-03-2018,85.5,88.849998,79.849998,82.599998,90202290
07-03-2018,81.099998,84.400002,77.599998,79.150002,66748011
08-03-2018,80.949997,82.699997,73.099998,74.800003,61601682
09-03-2018,75.699997,76.699997,69.949997,70.699997,45432902
12-03-2018,71,71.650002,62.450001,64.849998,69313252
13-03-2018,62,70.400002,61.099998,67.25,76856000
14-03-2018,65.900002,77,63.5,73.699997,82694212
15-03-2018,77.050003,80,75.199997,78.849998,101262394
16-03-2018,78.75,81.900002,76.550003,78.949997,95136815
19-03-2018,79.900002,81.400002,71.199997,73.75,73322120
20-03-2018,71.849998,75.449997,69.800003,73.699997,75054926
21-03-2018,75.800003,77.5,74.5,75.900002,51883971
22-03-2018,77.25,77.400002,75.25,76.650002,32243877
23-03-2018,73.300003,74.5,70.849998,71.849998,34065584
26-03-2018,69.25,72.900002,68,72.25,46522024
27-03-2018,73.800003,77,73.75,76.25,50351627
28-03-2018,74.949997,75.599998,71.300003,72.199997,43267084
